2026-06-29 07:46:10,5,5,all,[]
2026-06-29 08:05:33,28,5,all,"[{""meaning"": ""\""奮闘する, 励む, 懸命になる; 闘う\"""", ""word"": ""strive""}, {""meaning"": ""義務的な，強制的な（⇔ voluntary ⇒ 1199）"", ""word"": ""compulsory""}, {""meaning"": ""に耐える（≒ put up with）；（に）持ちこたえる"", ""word"": ""endure""}, {""meaning"": ""（動植物などの）保護；保存"", ""word"": ""conservation""}, {""meaning"": ""を支配する；（～より）優勢である（over）"", ""word"": ""dominate""}, {""meaning"": ""製造工場；製粉所；粉ひき機"", ""word"": ""mill""}]"
2026-06-29 08:09:34,4,5,all,"[{""meaning"": ""強烈な；熱烈な"", ""word"": ""intense""}]"
2026-06-29 08:12:29,2,5,all,"[{""meaning"": ""（～を）じっと見る（at / into）"", ""word"": ""peer""}, {""meaning"": ""由来する；を引き出す；を推論する"", ""word"": ""derive""}, {""meaning"": ""溺死する；を水浸しにする"", ""word"": ""drown""}]"
2026-06-29 08:14:58,4,5,all,"[{""meaning"": ""勤勉な；入念な"", ""word"": ""diligent""}]"
2026-06-29 09:03:57,4,5,all,"[{""meaning"": ""部類，区分；範疇"", ""word"": ""category""}]"
2026-06-29 16:35:31,4,5,all,"[{""meaning"": ""をだめにする；を破滅させる；破滅する"", ""word"": ""ruin""}]"
2026-06-29 16:39:49,5,5,all,[]
2026-06-29 16:40:01,5,5,all,[]
2026-06-29 16:40:37,4,5,all,"[{""meaning"": ""（火山が）噴火する；勃発する"", ""word"": ""erupt""}]"
2026-06-29 16:41:02,4,5,all,"[{""meaning"": ""目撃者（≒ eyewitness）；証人；証拠，証言"", ""word"": ""witness""}]"
2026-06-29 16:43:02,4,5,all,"[{""meaning"": ""（注意など）をそらす"", ""word"": ""distract""}]"
2026-06-29 16:43:36,2,5,all,"[{""meaning"": ""深い悲しみ"", ""word"": ""grief""}, {""meaning"": ""深い悲しみ"", ""word"": ""grief""}, {""word"": ""gaze"", ""meaning"": ""じっと見る""}]"
2026-06-29 16:44:13,2,5,all,"[{""meaning"": ""徹底的な；まったくの"", ""word"": ""thorough""}, {""meaning"": ""（傾斜が）急な；急激な；法外な"", ""word"": ""steep""}, {""word"": ""derive"", ""meaning"": ""由来する；を引き出す；を推論する""}]"
2026-06-29 16:44:51,4,5,all,"[{""meaning"": ""無関心な（≒uninterested）"", ""word"": ""indifferent""}]"
2026-06-29 16:45:32,2,5,all,"[{""meaning"": ""動機（づけ）；報奨金"", ""word"": ""incentive""}, {""meaning"": ""を罰する；に損傷を与える"", ""word"": ""punish""}, {""meaning"": ""を罰する；に損傷を与える"", ""word"": ""punish""}]"
2026-06-29 16:46:15,2,5,all,"[{""meaning"": ""目撃者（≒ eyewitness）；証人；証拠，証言"", ""word"": ""witness""}, {""meaning"": ""現れる；明らかになる；台頭する"", ""word"": ""emerge""}, {""word"": ""chew"", ""meaning"": ""（を）かむ；をかみ砕く""}]"
2026-06-29 16:46:38,4,5,all,"[{""meaning"": ""織物；繊維（産業）"", ""word"": ""textile""}]"
2026-06-29 16:48:01,1,5,all,"[{""meaning"": ""明らかな；平易な；飾りのない；率直な"", ""word"": ""plain""}, {""meaning"": ""特権，特典"", ""word"": ""privilege""}, {""meaning"": ""特権，特典"", ""word"": ""privilege""}, {""meaning"": ""発生，勃発"", ""word"": ""outbreak""}]"
2026-06-29 16:49:52,4,5,all,"[{""meaning"": ""食欲；欲求"", ""word"": ""appetite""}]"
2026-06-29 16:52:14,2,5,all,"[{""meaning"": ""に恥ずかしい思いをさせる"", ""word"": ""embarrass""}, {""meaning"": ""（～への）熱情，熱意（for）"", ""word"": ""enthusiasm""}, {""word"": ""certificate"", ""meaning"": ""証明書；免許状""}]"
2026-06-29 16:52:39,4,5,all,"[{""meaning"": ""類推；類似"", ""word"": ""analogy""}]"
2026-06-29 17:59:25,23,30,all,"[{""meaning"": ""歩行者"", ""word"": ""pedestrian""}, {""meaning"": ""を推論する，推測する"", ""word"": ""infer""}, {""meaning"": ""を驚かす"", ""word"": ""astonish""}, {""meaning"": ""（に）浸透する；（に）進出する；（を）貫く；（を）見抜く"", ""word"": ""penetrate""}, {""meaning"": ""垂直の（⇔ horizontal 水平な）；縦方向の"", ""word"": ""vertical""}, {""meaning"": ""を実行する；を処刑する"", ""word"": ""execute""}, {""meaning"": ""（から）逃げる"", ""word"": ""flee""}]"
2026-06-29 18:07:21,16,30,all,"[{""meaning"": ""に異議を唱える；（を）議論する"", ""word"": ""dispute""}, {""meaning"": ""を更する；（資源）を再生する"", ""word"": ""renew""}, {""meaning"": ""を把握［理解］する；をしっかり握る"", ""word"": ""grasp""}, {""meaning"": ""を無視する；を軽視する"", ""word"": ""disregard""}, {""meaning"": ""を推論する，推測する"", ""word"": ""infer""}, {""meaning"": ""受け取る人；（臓器などの）被提供者"", ""word"": ""recipient""}, {""meaning"": ""努力する；争う"", ""word"": ""strive""}, {""meaning"": ""をはぐくむ；を養成する"", ""word"": ""nurture""}, {""meaning"": ""を確立する；を設立する"", ""word"": ""establish""}, {""meaning"": ""を置く；を預ける；を堆積させる"", ""word"": ""deposit""}, {""meaning"": ""森林伐採"", ""word"": ""deforestation""}, {""meaning"": ""（米国などの）議会；会議"", ""word"": ""congress""}, {""meaning"": ""を捨て去る；（光など）を放つ；（涙・血）を流す"", ""word"": ""shed""}, {""meaning"": ""を保証する"", ""word"": ""guarantee""}]"
2026-06-29 19:29:20,22,30,all,"[{""meaning"": ""幾何学"", ""word"": ""geometry""}, {""meaning"": ""徹底的な；まったくの"", ""word"": ""thorough""}, {""meaning"": ""激怒；猛威"", ""word"": ""rage""}, {""meaning"": ""肥沃な（⇔ barren 不毛の）；多産の"", ""word"": ""fertile""}, {""meaning"": ""に耐える（≒ put up with）；（に）持ちこたえる"", ""word"": ""endure""}, {""meaning"": ""を割り当てる；を（～に）配属する（to）"", ""word"": ""assign""}, {""meaning"": ""をびっくりさせる（≒ surprise）"", ""word"": ""startle""}, {""meaning"": ""無罪の（⇔guilty 有罪の）；無邪気な；無知の"", ""word"": ""innocent""}]"
2026-06-30 07:11:08,8,10,all,"[{""meaning"": ""漂う；さまよう；を押し流す"", ""word"": ""drift""}, {""meaning"": ""青年；青年期の"", ""word"": ""adolescent""}]"
2026-06-30 07:16:11,7,10,all,"[{""meaning"": ""に耐える（≒ put up with）；（に）持ちこたえる"", ""word"": ""endure""}, {""meaning"": ""を提出する；〔submit oneselfで〕（～に）従う（to）"", ""word"": ""submit""}, {""meaning"": ""慢性の（⇔ acute ⇒ 1486）；長引く；常習の"", ""word"": ""chronic""}]"
2026-06-30 07:18:23,7,10,all,"[{""meaning"": ""〔A ～ Bで〕A対B；AかBか"", ""word"": ""versus""}, {""meaning"": ""小売り（⇔ wholesale 卸売り）"", ""word"": ""retail""}, {""meaning"": ""（～に対する）偏見（against）（≒ bias）"", ""word"": ""prejudice""}]"
2026-06-30 07:20:55,7,10,all,"[{""meaning"": ""運命；結末；最期"", ""word"": ""fate""}, {""meaning"": ""（～の）候補（者）（for）；志願者"", ""word"": ""candidate""}, {""meaning"": ""をとらえる；をとりこにする"", ""word"": ""capture""}]"
2026-06-30 07:28:21,8,10,all,"[{""meaning"": ""ひとりでいること；孤独"", ""word"": ""solitude""}, {""meaning"": ""ひとりでいること；孤独"", ""word"": ""solitude""}]"
2026-06-30 07:29:38,9,10,all,"[{""word"": ""plausible"", ""meaning"": ""もっともらしい""}]"
2026-06-30 07:32:25,8,10,all,"[{""meaning"": ""に自信を持って言う；を保証する"", ""word"": ""assure""}, {""meaning"": ""〔通例the ～s〕最先端；〔the ～〕 【米】辺境地；国境"", ""word"": ""frontier""}]"
2026-06-30 07:34:04,9,10,all,"[{""meaning"": ""に遭遇する；に（思いがけず）出会う"", ""word"": ""encounter""}]"
2026-06-30 07:36:17,10,10,all,[]
2026-06-30 16:00:41,5,10,all,"[{""meaning"": ""を止める；止まる"", ""word"": ""halt""}, {""meaning"": ""を記録する，登録する；（～に）登録する（for）"", ""word"": ""register""}, {""meaning"": ""十分すぎるほどの；広い"", ""word"": ""ample""}, {""meaning"": ""永続的な；ひっきりなしの"", ""word"": ""perpetual""}, {""meaning"": ""田舎の（⇔ urban ⇒ 299），田園の"", ""word"": ""rural""}]"
2026-06-30 16:07:33,9,10,all,"[{""word"": ""regulate"", ""meaning"": ""を規制する；を調整する""}]"
2026-06-30 16:14:55,8,10,all,"[{""meaning"": ""無駄な；うぬぼれた"", ""word"": ""vain""}, {""meaning"": ""田舎の（⇔ urban ⇒ 299），田園の"", ""word"": ""rural""}]"
2026-06-30 16:18:14,10,10,all,[]
2026-06-30 16:19:44,7,10,all,"[{""meaning"": ""躊躇する，ためらう"", ""word"": ""hesitate""}, {""meaning"": ""を分類する；を機密扱いにする"", ""word"": ""classify""}, {""meaning"": ""外交（的手腕）"", ""word"": ""diplomacy""}]"
2026-06-30 16:21:26,7,10,all,"[{""meaning"": ""莫大な，巨大な"", ""word"": ""enormous""}, {""meaning"": ""〔the ～〕出現，到来"", ""word"": ""advent""}, {""meaning"": ""順応する；一致する"", ""word"": ""conform""}]"
2026-06-30 16:23:24,8,10,all,"[{""meaning"": ""を点検する；を視察する"", ""word"": ""inspect""}, {""meaning"": ""を更する；（資源）を再生する"", ""word"": ""renew""}]"
2026-06-30 16:26:34,7,10,all,"[{""meaning"": ""徹底的な；まったくの"", ""word"": ""thorough""}, {""meaning"": ""人工の（⇔ natural 自然の）；不自然な"", ""word"": ""artificial""}, {""meaning"": ""徹底的な；まったくの"", ""word"": ""thorough""}]"
2026-06-30 16:27:45,7,10,all,"[{""meaning"": ""無駄な；うぬぼれた"", ""word"": ""vain""}, {""meaning"": ""孤児"", ""word"": ""orphan""}, {""meaning"": ""を分ける；分かれる"", ""word"": ""divide""}]"
2026-06-30 16:33:00,8,10,all,"[{""meaning"": ""計画（≒plan）；体系；陰謀"", ""word"": ""scheme""}, {""meaning"": ""偉業，功績；妙技"", ""word"": ""feat""}]"
2026-06-30 16:33:56,9,10,all,"[{""word"": ""retail"", ""meaning"": ""小売り（⇔ wholesale 卸売り）""}]"
2026-06-30 16:35:30,7,10,all,"[{""meaning"": ""厳しい；いかめしい"", ""word"": ""stern""}, {""meaning"": ""方法，解決策；公式"", ""word"": ""formula""}, {""word"": ""monetary"", ""meaning"": ""金銭的な；金融の""}]"
2026-06-30 16:37:01,8,10,all,"[{""meaning"": ""を禁止する"", ""word"": ""prohibit""}, {""meaning"": ""故意の；慎重な"", ""word"": ""deliberate""}]"
2026-06-30 16:38:09,6,10,all,"[{""meaning"": ""（動植物などの）保護；保存"", ""word"": ""conservation""}, {""meaning"": ""栄養（の摂取）"", ""word"": ""nutrition""}, {""meaning"": ""負担；（重い）義務；積み荷"", ""word"": ""burden""}, {""word"": ""wound"", ""meaning"": ""（銃弾・刃物などによる）傷；痛手""}]"
2026-06-30 16:39:15,6,10,all,"[{""meaning"": ""一時的な（⇔ permanent ⇒ 690）"", ""word"": ""temporary""}, {""meaning"": ""姿勢；心構え"", ""word"": ""posture""}, {""meaning"": ""十分すぎるほどの；広い"", ""word"": ""ample""}, {""meaning"": ""〔the ～〕（～の）大半（of）；大きさ；大量"", ""word"": ""bulk""}]"
2026-06-30 16:47:50,9,10,all,"[{""word"": ""term"", ""meaning"": ""（専門）用語；〔～s〕条件；〔～s〕間柄；学期""}]"
2026-07-01 05:13:07,5,10,all,"[{""meaning"": ""永続的な；ひっきりなしの"", ""word"": ""perpetual""}, {""meaning"": ""（国家間の）条約；協定"", ""word"": ""treaty""}, {""meaning"": ""を織る；（計画・物語など）を作り上げる"", ""word"": ""weave""}, {""meaning"": ""（～の）手がかり（to / about）；（パズルの）ヒント"", ""word"": ""clue""}, {""word"": ""glimpse"", ""meaning"": ""ちらりと見えること""}]"
2026-07-01 05:14:03,4,5,all,"[{""meaning"": ""をうっかり表す；を裏切る"", ""word"": ""betray""}]"
2026-07-01 05:15:08,4,5,all,"[{""meaning"": ""を進歩させる；を進める；進歩する；進む"", ""word"": ""advance""}]"
2026-07-01 05:16:58,4,5,all,"[{""meaning"": ""尊厳；威厳"", ""word"": ""dignity""}]"
2026-07-01 05:17:34,3,5,all,"[{""meaning"": ""神聖な（≒holy）；宗教的な；厳粛な"", ""word"": ""sacred""}, {""meaning"": ""激怒；猛威"", ""word"": ""rage""}]"
2026-07-01 05:18:28,3,5,all,"[{""meaning"": ""見識，理解（力）；洞察力"", ""word"": ""insight""}, {""word"": ""deficit"", ""meaning"": ""赤字，不足；欠陥""}]"
2026-07-01 05:19:01,2,5,all,"[{""meaning"": ""を禁止する"", ""word"": ""prohibit""}, {""meaning"": ""を決定する；を正確に知る"", ""word"": ""determine""}, {""word"": ""hollow"", ""meaning"": ""空洞の；空虚な；うわべだけの""}]"
2026-07-01 05:23:51,4,5,all,"[{""meaning"": ""高度，標高"", ""word"": ""altitude""}]"
2026-07-01 05:24:18,3,5,all,"[{""meaning"": ""を引きずる；ぐずぐずする"", ""word"": ""drag""}, {""meaning"": ""きちんとした，整頓された；相当の"", ""word"": ""tidy""}]"
2026-07-01 05:24:48,4,5,all,"[{""word"": ""vanish"", ""meaning"": ""消える（≒ disappear）""}]"
2026-07-01 05:25:10,4,5,all,"[{""meaning"": ""部類，区分；範疇"", ""word"": ""category""}]"
2026-07-01 05:25:39,4,5,all,"[{""meaning"": ""本物の；信頼できる"", ""word"": ""authentic""}]"
2026-07-01 05:26:19,4,5,all,"[{""meaning"": ""（世に）知られていない；不明瞭な"", ""word"": ""obscure""}]"
2026-07-01 05:35:49,8,10,all,"[{""meaning"": ""大草原"", ""word"": ""prairie""}, {""meaning"": ""熱心な；鋭敏な；（感情・関心などが）強い"", ""word"": ""keen""}]"
2026-07-01 05:50:32,4,5,all,"[{""meaning"": ""を主張する；を擁護する"", ""word"": ""advocate""}]"
2026-07-01 05:57:22,3,5,all,"[{""meaning"": ""肥満した"", ""word"": ""obese""}, {""meaning"": ""（人）にやる気をなくさせる；を落胆させる（⇔ encourage ⇒ 30）"", ""word"": ""discourage""}]"
2026-07-01 05:59:42,2,5,all,"[{""meaning"": ""を取り入れる；を法人にする；合併する"", ""word"": ""incorporate""}, {""meaning"": ""を活用する；を搾取する，につけ込む"", ""word"": ""exploit""}, {""word"": ""inherent"", ""meaning"": ""生来の，本来的に備わっている""}]"
2026-07-01 06:13:49,3,5,all,"[{""meaning"": ""廃れた，使われなくなった；古くなった"", ""word"": ""obsolete""}, {""meaning"": ""を及ぼす；（力など）を行使する"", ""word"": ""exert""}]",11
2026-07-01 07:21:25,2,5,all,"[{""meaning"": ""悲劇（的な事態）（⇔ comedy 喜劇）"", ""word"": ""tragedy""}, {""meaning"": ""\""非業の死を遂げる, 惨死する\"""", ""word"": ""perish""}, {""word"": ""solid"", ""meaning"": ""しっかりした；硬い；固体の""}]",45
2026-07-01 07:21:58,3,5,all,"[{""meaning"": ""（注意など）をそらす；を迂回させる；（資金など）を転用する"", ""word"": ""divert""}, {""meaning"": ""\""を解放する; …を退院させる, 釈放する; …を免除する\"""", ""word"": ""discharge""}]",65
2026-07-01 07:23:05,4,5,all,"[{""meaning"": ""総計の；甚だしい；粗野な"", ""word"": ""gross""}]",120
2026-07-01 07:23:31,4,5,all,"[{""word"": ""embark"", ""meaning"": ""（～に）乗り出す（on）；乗船［搭乗］する""}]",134
2026-07-01 07:24:11,2,5,all,"[{""meaning"": ""を公表する，暴く"", ""word"": ""disclose""}, {""meaning"": ""無謀な；（～を）顧みない（of）"", ""word"": ""reckless""}, {""meaning"": ""を積み重ねる；積み重なる"", ""word"": ""pile""}]",163
2026-07-01 07:24:46,4,5,all,"[{""meaning"": ""中級の；中間の"", ""word"": ""intermediate""}]",188
2026-07-01 07:25:32,5,5,all,[],224
2026-07-01 07:25:58,5,5,all,[],243
2026-07-01 14:13:45,3,5,all,"[{""meaning"": ""急上昇する；空高く飛ぶ"", ""word"": ""soar""}, {""meaning"": ""（微）粒子；ほんのわずか"", ""word"": ""particle""}]",20
2026-07-01 14:14:17,5,5,all,[],42
2026-07-01 14:14:58,4,5,all,"[{""meaning"": ""十分すぎるほどの；広い"", ""word"": ""ample""}]",74
2026-07-01 14:15:30,5,5,all,[],98
2026-07-01 14:18:31,3,5,all,"[{""meaning"": ""厳しい；硬直した"", ""word"": ""rigid""}, {""meaning"": ""を疲れ果てさせる；を使い尽くす；排気する"", ""word"": ""exhaust""}]",190
2026-07-01 14:18:53,5,5,all,[],202
2026-07-01 14:19:20,4,5,all,"[{""meaning"": ""（好ましくない手段に）訴える，頼る（to）"", ""word"": ""resort""}]",223
2026-07-01 14:19:55,5,5,all,[],245
2026-07-01 14:20:22,4,5,all,"[{""meaning"": ""をだます（≒ take in）"", ""word"": ""deceive""}]",267
2026-07-01 14:21:18,3,5,all,"[{""meaning"": ""絶え間ない；一定の"", ""word"": ""constant""}, {""word"": ""suicide"", ""meaning"": ""自殺；自殺的行為""}]",315
2026-07-01 14:21:59,2,5,all,"[{""meaning"": ""（を）歩き回る；放浪する"", ""word"": ""roam""}, {""meaning"": ""船舶；容器；（体液が通る）脈管"", ""word"": ""vessel""}, {""meaning"": ""（～と）平行［並行］の（to）；類似した"", ""word"": ""parallel""}]",348
2026-07-01 14:22:34,2,5,all,"[{""meaning"": ""貴重な；高価な（≒ valuable）"", ""word"": ""precious""}, {""meaning"": ""絆；債券；束縛；接着剤"", ""word"": ""bond""}, {""meaning"": ""におい；気配"", ""word"": ""odor""}]",372
2026-07-01 14:23:50,4,5,all,"[{""meaning"": ""と主張する；競う"", ""word"": ""contend""}]",437
2026-07-01 14:24:11,5,5,all,[],447
2026-07-01 14:24:54,4,5,all,"[{""meaning"": ""集団の，共同の"", ""word"": ""collective""}]",463
2026-07-01 14:26:22,4,5,all,"[{""word"": ""contribute"", ""meaning"": ""貢献する，一因となる；（を）寄付する；（を）寄稿する""}]",21
2026-07-01 14:26:44,5,5,all,[],35
2026-07-01 14:27:41,2,5,all,"[{""meaning"": ""頻繁な"", ""word"": ""frequent""}, {""meaning"": ""を汚す；に着色する"", ""word"": ""stain""}, {""meaning"": ""葬式"", ""word"": ""funeral""}]",74
2026-07-01 14:31:26,4,5,all,"[{""meaning"": ""を拒む；を断る；拒絶する"", ""word"": ""refuse""}]",151
2026-07-01 14:32:52,2,5,all,"[{""meaning"": ""彫刻（作品）"", ""word"": ""sculpture""}, {""meaning"": ""気が進まない，嫌がる（⇔ willing ⇒ 298）"", ""word"": ""reluctant""}, {""meaning"": ""ではないかと思う；（人）を疑う"", ""word"": ""suspect""}]",203
2026-07-01 14:34:10,2,5,all,"[{""meaning"": ""（徐々に）発展する；進化する"", ""word"": ""evolve""}, {""meaning"": ""相当する物［人］"", ""word"": ""counterpart""}, {""word"": ""metaphor"", ""meaning"": ""隠喩；比喩""}]",270
2026-07-01 14:34:44,4,5,all,"[{""meaning"": ""〔集合的に〕職員，社員"", ""word"": ""personnel""}]",297
2026-07-01 14:36:46,4,5,all,"[{""meaning"": ""を所有している；の心をとらえる"", ""word"": ""possess""}]",51
2026-07-01 16:31:02,52,5,all,"[{""meaning"": ""田舎の（⇔ urban ⇒ 299），田園の"", ""word"": ""rural""}, {""meaning"": ""物語、話；（小説の）叙述部分、地の文"", ""word"": ""narrative""}, {""meaning"": ""を修正する；を緩和する"", ""word"": ""modify""}, {""meaning"": ""放射能，放射線"", ""word"": ""radiation""}, {""meaning"": ""を分類する；を機密扱いにする"", ""word"": ""classify""}, {""meaning"": ""莫大な，巨大な"", ""word"": ""enormous""}, {""meaning"": ""を非難する；を告訴する"", ""word"": ""accuse""}, {""meaning"": ""徹底的な；まったくの"", ""word"": ""thorough""}, {""meaning"": ""無駄な；うぬぼれた"", ""word"": ""vain""}, {""meaning"": ""（を）溶かす；（議会など）を解散する；（契約など）を解消する；溶ける"", ""word"": ""dissolve""}, {""meaning"": ""を軽減する；和らぐ；緩む"", ""word"": ""ease""}, {""meaning"": ""を分ける；分かれる"", ""word"": ""divide""}, {""meaning"": ""計画（≒plan）；体系；陰謀"", ""word"": ""scheme""}, {""meaning"": ""あいまいな；多義的な"", ""word"": ""ambiguous""}, {""word"": ""steep"", ""meaning"": ""（傾斜が）急な；急激な；法外な""}]",24
2026-07-01 20:49:33,5,5,all,[],21
2026-07-03 00:45:58,3,5,all,"[{""meaning"": ""荒野；（庭・町などの）放置された部分"", ""word"": ""wilderness""}, {""word"": ""boast"", ""meaning"": ""を誇る；（を）自慢する""}]",13
2026-07-03 01:34:04,151,5,all,"[{""meaning"": ""方法，解決策；公式"", ""word"": ""formula""}, {""meaning"": ""を禁止する"", ""word"": ""prohibit""}, {""meaning"": ""栄養（の摂取）"", ""word"": ""nutrition""}, {""meaning"": ""負担；（重い）義務；積み荷"", ""word"": ""burden""}, {""meaning"": ""（銃弾・刃物などによる）傷；痛手"", ""word"": ""wound""}, {""meaning"": ""治療（法）；治療薬；解決法"", ""word"": ""remedy""}, {""meaning"": ""〔the ～〕（～の）大半（of）；大きさ；大量"", ""word"": ""bulk""}, {""meaning"": ""を除外する; あえて省く; うっかり落とす"", ""word"": ""omit""}, {""meaning"": ""（国家間の）条約；協定"", ""word"": ""treaty""}, {""meaning"": ""（～の）手がかり（to / about）；（パズルの）ヒント"", ""word"": ""clue""}, {""meaning"": ""に同行する；に付随する"", ""word"": ""accompany""}, {""meaning"": ""尊厳；威厳"", ""word"": ""dignity""}, {""meaning"": ""赤字，不足；欠陥"", ""word"": ""deficit""}, {""meaning"": ""を決定する；を正確に知る"", ""word"": ""determine""}, {""meaning"": ""敵意のある（⇔friendly 友好的な）"", ""word"": ""hostile""}, {""meaning"": ""を感知する；を見つけ出す；に気づく"", ""word"": ""detect""}, {""meaning"": ""を引きずる；ぐずぐずする"", ""word"": ""drag""}, {""meaning"": ""消える（≒ disappear）"", ""word"": ""vanish""}, {""meaning"": ""本物の；信頼できる"", ""word"": ""authentic""}, {""meaning"": ""に立ち向かう；（困難などが）に立ちはだかる"", ""word"": ""confront""}, {""meaning"": ""（世に）知られていない；不明瞭な"", ""word"": ""obscure""}, {""meaning"": ""をささげる；を献呈する"", ""word"": ""dedicate""}, {""meaning"": ""を取り入れる；を法人にする；合併する"", ""word"": ""incorporate""}, {""meaning"": ""を活用する；を搾取する，につけ込む"", ""word"": ""exploit""}, {""meaning"": ""指標；索引；指数"", ""word"": ""index""}, {""meaning"": ""しっかりした；硬い；固体の"", ""word"": ""solid""}, {""meaning"": ""（注意など）をそらす；を迂回させる；（資金など）を転用する"", ""word"": ""divert""}, {""meaning"": ""総計の；甚だしい；粗野な"", ""word"": ""gross""}, {""meaning"": ""究極の"", ""word"": ""ultimate""}, {""meaning"": ""を正当化する"", ""word"": ""justify""}, {""meaning"": ""（～に）乗り出す（on）；乗船［搭乗］する"", ""word"": ""embark""}, {""meaning"": ""を公表する，暴く"", ""word"": ""disclose""}, {""meaning"": ""中級の；中間の"", ""word"": ""intermediate""}, {""meaning"": ""（好ましくない手段に）訴える，頼る（to）"", ""word"": ""resort""}, {""meaning"": ""急上昇する；空高く飛ぶ"", ""word"": ""soar""}, {""meaning"": ""\""生じる, 起こる, 始まる, 起源がある\"""", ""word"": ""originate""}, {""meaning"": ""絶望"", ""word"": ""despair""}, {""meaning"": ""【米】 弁護士；代理人"", ""word"": ""attorney""}, {""meaning"": ""を疲れ果てさせる；を使い尽くす；排気する"", ""word"": ""exhaust""}, {""meaning"": ""を挿入する"", ""word"": ""insert""}, {""meaning"": ""自殺；自殺的行為"", ""word"": ""suicide""}, {""meaning"": ""におい；気配"", ""word"": ""odor""}, {""meaning"": ""（～に対して）免疫を持つ（to）；（～を）免れた（from）"", ""word"": ""immune""}, {""meaning"": ""を埋める；を埋葬する；を隠す"", ""word"": ""bury""}, {""meaning"": ""頻繁な"", ""word"": ""frequent""}, {""meaning"": ""（法律・規則など）に違反する；を侵害する"", ""word"": ""violate""}, {""meaning"": ""気が進まない，嫌がる（⇔ willing ⇒ 298）"", ""word"": ""reluctant""}, {""meaning"": ""に暴行する；を攻撃する"", ""word"": ""assault""}, {""meaning"": ""に暴行する；を攻撃する"", ""word"": ""assault""}, {""meaning"": ""を所有している；の心をとらえる"", ""word"": ""possess""}, {""meaning"": ""ではないかと思う；（人）を疑う"", ""word"": ""suspect""}, {""meaning"": ""食欲；欲求"", ""word"": ""appetite""}, {""meaning"": ""を投棄する；をどさっと落とす"", ""word"": ""dump""}]",29
2026-07-03 01:38:36,8,10,all,"[{""meaning"": ""【英】 木材（≒ 【米】lumber）；樹木"", ""word"": ""timber""}, {""meaning"": ""妥協する；を危うくする"", ""word"": ""compromise""}]",69
2026-07-03 01:39:52,6,10,all,"[{""meaning"": ""をつかむ；を奪い取る；を没収する"", ""word"": ""seize""}, {""meaning"": ""（水以外の）飲み物，飲料"", ""word"": ""beverage""}, {""meaning"": ""（試合・論争などの）相手；反対者"", ""word"": ""opponent""}, {""word"": ""modest"", ""meaning"": ""謙虚な（≒ humble）；適度な；質素な""}]",127
2026-07-03 01:42:03,7,10,all,"[{""meaning"": ""を調査する；を究明する；（～を）調査する（into）"", ""word"": ""investigate""}, {""meaning"": ""下水"", ""word"": ""sewage""}, {""meaning"": ""うなる，ほえる；大笑いする"", ""word"": ""roar""}]",209
2026-07-03 01:43:01,10,10,all,[],251
2026-07-03 01:43:56,8,10,all,"[{""meaning"": ""を減らす；減少する（≒decrease）"", ""word"": ""diminish""}, {""meaning"": ""（国家間の）条約；協定"", ""word"": ""treaty""}]",295
2026-07-03 01:46:21,10,10,all,[],328
2026-07-03 01:47:13,8,10,all,"[{""meaning"": ""を確保する；を守る"", ""word"": ""secure""}, {""meaning"": ""共和国；共和制"", ""word"": ""republic""}]",371
2026-07-03 01:48:34,6,10,all,"[{""meaning"": ""を予想［予測］する"", ""word"": ""forecast""}, {""meaning"": ""骨董の，アンティークの；古風な"", ""word"": ""antique""}, {""meaning"": ""をうっかり表す；を裏切る"", ""word"": ""betray""}, {""meaning"": ""適度な；穏健な"", ""word"": ""moderate""}]",439
2026-07-03 01:50:20,7,10,all,"[{""meaning"": ""台本；筆跡"", ""word"": ""script""}, {""meaning"": ""密集した，密度の高い；（霧などが）濃い"", ""word"": ""dense""}, {""meaning"": ""きょうだい（の1人）"", ""word"": ""sibling""}]",512
2026-07-03 01:51:12,6,10,all,"[{""meaning"": ""小売り（⇔ wholesale 卸売り）"", ""word"": ""retail""}, {""meaning"": ""親密な；密接な"", ""word"": ""intimate""}, {""meaning"": ""（を）再開する；を取り戻す"", ""word"": ""resume""}, {""meaning"": ""大まかな；粗野な；未精製の"", ""word"": ""crude""}]",551
2026-07-03 01:53:29,9,10,all,"[{""meaning"": ""犠牲；いけにえ"", ""word"": ""sacrifice""}]",608
2026-07-03 02:09:11,7,10,all,"[{""meaning"": ""肥沃な（⇔ barren 不毛の）；多産の"", ""word"": ""fertile""}, {""meaning"": ""中世の；時代遅れの"", ""word"": ""medieval""}, {""meaning"": ""をうっかり表す；を裏切る"", ""word"": ""betray""}]",58
2026-07-03 02:21:58,9,10,all,"[{""meaning"": ""機関；協会；施設；制度"", ""word"": ""institution""}]",86
2026-07-03 02:23:04,8,10,all,"[{""meaning"": ""ばかげた；不合理な"", ""word"": ""absurd""}, {""word"": ""prevail"", ""meaning"": ""普及している；支配的である；（～に）打ち勝つ（over）""}]",140
2026-07-03 02:24:18,7,10,all,"[{""meaning"": ""を非難する；〔受身形で〕（～の刑を）宣告される（to）"", ""word"": ""condemn""}, {""meaning"": ""悪態，ののしりの言葉；呪い；〔通例a ～〕災い"", ""word"": ""curse""}, {""word"": ""surpass"", ""meaning"": ""を上回る""}]",195
2026-07-03 02:25:33,4,10,all,"[{""meaning"": ""\""むせび泣く, 泣きじゃくる, 嗚咽する\"""", ""word"": ""sob""}, {""meaning"": ""に異議を唱える；（を）議論する"", ""word"": ""dispute""}, {""meaning"": ""（銃弾・刃物などによる）傷；痛手"", ""word"": ""wound""}, {""meaning"": ""に権利を与える；に題名をつける"", ""word"": ""entitle""}, {""meaning"": ""を調整する；を適合させる；順応する"", ""word"": ""adjust""}, {""word"": ""disclose"", ""meaning"": ""を公表する，暴く""}]",236
2026-07-03 02:28:10,6,10,all,"[{""meaning"": ""適度な；穏健な"", ""word"": ""moderate""}, {""meaning"": ""を理解する"", ""word"": ""comprehend""}, {""meaning"": ""獲物；犠牲者"", ""word"": ""prey""}, {""word"": ""distort"", ""meaning"": ""を歪める；歪む""}]",313
2026-07-03 04:30:56,6,10,all,"[{""meaning"": ""に暴行する；を攻撃する"", ""word"": ""assault""}, {""meaning"": ""～を描く"", ""word"": ""portray""}, {""meaning"": ""をびっくりさせる（≒ surprise）"", ""word"": ""startle""}, {""meaning"": ""を堕落させる；を買収する；堕落する"", ""word"": ""corrupt""}]",418
2026-07-03 04:32:51,7,10,all,"[{""meaning"": ""を集める；を組み立てる；集まる"", ""word"": ""assemble""}, {""meaning"": ""\""を留める, 締める, 結ぶ\"""", ""word"": ""fasten""}, {""meaning"": ""を軽減する；和らぐ；緩む"", ""word"": ""ease""}]",500
2026-07-03 04:33:59,7,10,all,"[{""meaning"": ""（社会の）階層制；〔the ～〕支配層"", ""word"": ""hierarchy""}, {""meaning"": ""よろけながら歩く；（～に）つまずく（on / over）"", ""word"": ""stumble""}, {""word"": ""precede"", ""meaning"": ""に先行する；に優先する""}]",549
2026-07-03 04:35:58,8,10,all,"[{""meaning"": ""に憤慨する"", ""word"": ""resent""}, {""meaning"": ""天文学"", ""word"": ""astronomy""}]",588
2026-07-03 07:25:05,5,5,all,"[{""meaning"": ""莫大な，巨大な"", ""word"": ""enormous""}]",28
2026-07-03 07:25:59,4,6,all,"[{""meaning"": ""を及ぼす；（力など）を行使する"", ""word"": ""exert""}, {""word"": ""consensus"", ""meaning"": ""総意；（意見の）一致""}]",62
2026-07-03 07:26:50,9,10,all,"[{""meaning"": ""（判断・評価の）基準"", ""word"": ""criterion""}]",94
2026-07-03 07:27:51,7,10,all,"[{""meaning"": ""をばかにする（≒ make fun of）；のまねをしてからかう"", ""word"": ""mock""}, {""meaning"": ""楽観的な（⇔ pessimistic ⇒ 1593）"", ""word"": ""optimistic""}, {""meaning"": ""を伝える；を運ぶ，運搬する"", ""word"": ""convey""}]",134
2026-07-03 07:28:57,8,10,all,"[{""meaning"": ""理性的な；合理的な"", ""word"": ""rational""}, {""meaning"": ""急いで行く；性急に行動する；をせき立てる"", ""word"": ""rush""}]",181
2026-07-03 07:30:05,6,10,all,"[{""meaning"": ""と確信する，断言する；（金などを）かける"", ""word"": ""bet""}, {""meaning"": ""入念な；凝った"", ""word"": ""elaborate""}, {""meaning"": ""雄弁な；説得力のある"", ""word"": ""eloquent""}, {""word"": ""deserve"", ""meaning"": ""に値する""}]",236
2026-07-03 07:31:43,10,10,all,[],317
2026-07-03 07:34:35,9,10,all,"[{""meaning"": ""（を）辞任する；を放棄する"", ""word"": ""resign""}]",27
2026-07-03 07:37:24,9,10,all,"[{""meaning"": ""激怒した；猛烈な"", ""word"": ""furious""}]",120
2026-07-03 07:39:48,6,10,all,"[{""meaning"": ""声明；主張；明細書"", ""word"": ""statement""}, {""meaning"": ""をつかむ；を奪い取る；を没収する"", ""word"": ""seize""}, {""meaning"": ""を禁止する"", ""word"": ""prohibit""}, {""word"": ""strain"", ""meaning"": ""に負担をかける；を緊張させる；を漉す""}]",158
2026-07-03 07:49:37,8,10,all,"[{""meaning"": ""標本；実例"", ""word"": ""specimen""}, {""meaning"": ""同意，承諾"", ""word"": ""consent""}]",34
2026-07-03 07:52:37,7,10,all,"[{""meaning"": ""を評価する；を査定する"", ""word"": ""evaluate""}, {""meaning"": ""信じられない；すばらしい"", ""word"": ""incredible""}, {""meaning"": ""明らかな（≒ clear）"", ""word"": ""obvious""}]",75
2026-07-03 07:54:17,7,10,all,"[{""meaning"": ""をいじめる；を脅す"", ""word"": ""bully""}, {""meaning"": ""回転する；循環する；を回転させる"", ""word"": ""rotate""}, {""word"": ""startle"", ""meaning"": ""をびっくりさせる（≒ surprise）""}]",127
2026-07-03 07:55:39,7,10,all,"[{""meaning"": ""\""を宣言する, 公布する; …と宣言する; AをCであると宣言する\"""", ""word"": ""proclaim""}, {""meaning"": ""を洗練する；を精製する"", ""word"": ""refine""}, {""meaning"": ""保険；保険料；保険金"", ""word"": ""insurance""}]",184
2026-07-03 07:57:03,9,10,all,"[{""meaning"": ""を減らす；減少する（≒decrease）"", ""word"": ""diminish""}]",230
2026-07-03 07:57:47,9,10,all,"[{""meaning"": ""密集した，密度の高い；（霧などが）濃い"", ""word"": ""dense""}]",262
2026-07-03 07:58:54,7,10,all,"[{""meaning"": ""透明な；明快な"", ""word"": ""transparent""}, {""meaning"": ""うなる，ほえる；大笑いする"", ""word"": ""roar""}, {""meaning"": ""彫刻（作品）"", ""word"": ""sculpture""}]",308
2026-07-03 08:01:24,7,10,all,"[{""meaning"": ""を追い抜く；に追いつく（≒ catch up with）；（災難・強い感情などが）を襲う"", ""word"": ""overtake""}, {""meaning"": ""永続的な；ひっきりなしの"", ""word"": ""perpetual""}, {""meaning"": ""を徐々にむしばむ；を侵食する"", ""word"": ""undermine""}]",390
2026-07-03 08:02:22,9,10,all,"[{""meaning"": ""（を）合併する；を融合させる；溶け込む"", ""word"": ""merge""}]",428
2026-07-03 08:03:30,8,10,all,"[{""meaning"": ""を上回る"", ""word"": ""surpass""}, {""word"": ""rejoice"", ""meaning"": ""\""喜ぶ; …して喜ぶ, 歓喜する, うれしがる\""""}]",482
2026-07-03 08:04:47,10,10,all,[],539
2026-07-03 08:06:03,3,5,all,"[{""meaning"": ""神の；神にささげる"", ""word"": ""divine""}, {""word"": ""slight"", ""meaning"": ""わずかな；取るに足らない""}]",606
2026-07-03 08:06:58,9,10,all,"[{""meaning"": ""を実現させる；を果たす；を満たす"", ""word"": ""fulfill""}]",648
2026-07-03 08:08:11,10,10,all,[],697
2026-07-03 08:09:28,2,5,all,"[{""meaning"": ""を禁じる（⇔permit 許可する）"", ""word"": ""forbid""}, {""meaning"": ""適度な；穏健な"", ""word"": ""moderate""}, {""meaning"": ""と確信する，断言する；（金などを）かける"", ""word"": ""bet""}]",25
2026-07-03 08:10:03,9,10,all,"[{""meaning"": ""（簡単に）理解できる"", ""word"": ""intelligible""}]",48
2026-07-03 08:10:56,8,10,all,"[{""meaning"": ""途方もない、莫大な；すばらしい"", ""word"": ""tremendous""}, {""meaning"": ""廃れた，使われなくなった；古くなった"", ""word"": ""obsolete""}]",89
2026-07-03 08:11:59,9,10,all,"[{""meaning"": ""崩壊する；（人が）倒れる；を折り畳む"", ""word"": ""collapse""}]",136
2026-07-03 08:13:00,9,10,all,"[{""meaning"": ""世論調査；投票（数）"", ""word"": ""poll""}]",185
2026-07-03 08:13:46,8,10,all,"[{""meaning"": ""地位；状態"", ""word"": ""status""}, {""meaning"": ""至る所にある"", ""word"": ""ubiquitous""}]",219
2026-07-03 08:15:16,7,10,all,"[{""meaning"": ""衣服"", ""word"": ""garment""}, {""meaning"": ""ひどい；嫌な；ものすごい"", ""word"": ""awful""}, {""word"": ""fatigue"", ""meaning"": ""疲労（≒exhaustion）""}]",293
2026-07-03 08:16:33,6,10,all,"[{""meaning"": ""歳入（⇔ expenditure 歳出）；収益"", ""word"": ""revenue""}, {""meaning"": ""ではないかと思う；（人）を疑う"", ""word"": ""suspect""}, {""meaning"": ""（日食・月食などの）食；（名声などの）失墜"", ""word"": ""eclipse""}, {""meaning"": ""側面，局面；次元；寸法"", ""word"": ""dimension""}]",354
2026-07-03 10:53:52,3,5,koten,"[{""meaning"": ""（を）飲み込む；をうのみにする；に耐える"", ""word"": ""swallow""}, {""meaning"": ""に義務づける；に恩恵を施す"", ""word"": ""oblige""}]",17
2026-07-03 10:54:49,9,10,all,"[{""meaning"": ""標本；実例"", ""word"": ""specimen""}]",34
2026-07-03 14:26:01,-7,0,koten,"[{""example"": ""人しげく集まる"", ""meaning"": [""多い""], ""word"": ""しげし""}, {""example"": ""くまなく探す"", ""meaning"": [""隙がない"", ""完璧だ""], ""word"": ""くまなし""}, {""example"": ""あつくなりにけり"", ""meaning"": [""病気が重い""], ""word"": ""あつし""}, {""example"": ""まうけの品"", ""meaning"": [""準備"", ""用意""], ""word"": ""まうけ""}, {""example"": ""春のけしきおもしろし"", ""meaning"": [""趣がある""], ""word"": ""おもしろし""}, {""example"": ""とがを問ふ"", ""meaning"": [""罪"", ""欠点""], ""word"": ""とが""}, {""example"": ""やむごとなき人"", ""meaning"": [""高貴だ"", ""捨てておけない""], ""word"": ""やむごとなし""}]",1
2026-07-03 15:26:14,-3,0,koten,"[{""example"": ""いぎたなく寝ぬ"", ""meaning"": [""寝坊だ""], ""word"": ""いぎたなし""}, {""example"": ""つつましき心地"", ""meaning"": [""気が引ける"", ""恥ずかしい""], ""word"": ""つつまし""}, {""example"": ""あいなく笑ふ"", ""meaning"": [""つまらない"", ""むやみに""], ""word"": ""あいなし""}]",4
2026-07-03 15:28:04,-8,0,koten,"[{""example"": ""いぎたなく寝ぬ"", ""meaning"": [""寝坊だ""], ""word"": ""いぎたなし""}, {""example"": ""つつましき心地"", ""meaning"": [""気が引ける"", ""恥ずかしい""], ""word"": ""つつまし""}, {""example"": ""あいなく笑ふ"", ""meaning"": [""つまらない"", ""むやみに""], ""word"": ""あいなし""}, {""example"": ""ねんごろに語らふ"", ""meaning"": [""丁寧だ"", ""親密だ""], ""word"": ""ねんごろなり""}, {""example"": ""えうなき物語"", ""meaning"": [""役に立たない""], ""word"": ""えうなし""}, {""example"": ""帰り来むとこころもとなし"", ""meaning"": [""不安だ"", ""待ち遠しい""], ""word"": ""こころもとなし""}, {""example"": ""まめやかに仕ふ"", ""meaning"": [""まじめだ""], ""word"": ""まめやか""}, {""example"": ""はつかしき心地"", ""meaning"": [""恥ずかしい""], ""word"": ""はつかし""}]",10
2026-07-03 15:30:39,-13,0,koten,"[{""example"": ""いぎたなく寝ぬ"", ""meaning"": [""寝坊だ""], ""word"": ""いぎたなし""}, {""example"": ""つつましき心地"", ""meaning"": [""気が引ける"", ""恥ずかしい""], ""word"": ""つつまし""}, {""example"": ""あいなく笑ふ"", ""meaning"": [""つまらない"", ""むやみに""], ""word"": ""あいなし""}, {""example"": ""ねんごろに語らふ"", ""meaning"": [""丁寧だ"", ""親密だ""], ""word"": ""ねんごろなり""}, {""example"": ""えうなき物語"", ""meaning"": [""役に立たない""], ""word"": ""えうなし""}, {""example"": ""帰り来むとこころもとなし"", ""meaning"": [""不安だ"", ""待ち遠しい""], ""word"": ""こころもとなし""}, {""example"": ""まめやかに仕ふ"", ""meaning"": [""まじめだ""], ""word"": ""まめやか""}, {""example"": ""はつかしき心地"", ""meaning"": [""恥ずかしい""], ""word"": ""はつかし""}, {""example"": ""すずろなる旅路"", ""meaning"": [""なんとなく"", ""思いがけない""], ""word"": ""すずろなり""}, {""example"": ""くちをしきこと多し"", ""meaning"": [""残念だ""], ""word"": ""くちをし""}, {""example"": ""こころぐるしき有様"", ""meaning"": [""つらい"", ""気の毒だ""], ""word"": ""こころぐるし""}, {""example"": ""いたく泣く"", ""meaning"": [""すばらしい"", ""ひどい""], ""word"": ""いたし""}, {""example"": ""あへなく散りぬ"", ""meaning"": [""あっけない"", ""張り合いがない""], ""word"": ""あへなし""}]",8
2026-07-03 15:36:49,-3,0,koten,"[{""example"": ""いかめしき御装束"", ""meaning"": [""厳しい"", ""威厳がある""], ""word"": ""いかめし""}, {""example"": ""つれなくもあるかな"", ""meaning"": [""平然としている"", ""冷淡だ""], ""word"": ""つれなし""}, {""example"": ""やまひおこたりぬ"", ""meaning"": [""病気が治る""], ""word"": ""おこたる""}]",4
2026-07-04 06:47:18,9,10,all,"[{""meaning"": ""負担；（重い）義務；積み荷"", ""word"": ""burden""}]",47
2026-07-04 06:52:39,7,10,all,"[{""meaning"": ""皮肉"", ""word"": ""irony""}, {""meaning"": ""墓"", ""word"": ""tomb""}, {""meaning"": ""手足"", ""word"": ""limb""}]",40
2026-07-04 06:54:07,9,10,all,"[{""meaning"": ""を暗唱する；を詳述する"", ""word"": ""recite""}]",112
2026-07-04 06:56:53,8,10,all,"[{""meaning"": ""から（権利などを）奪う"", ""word"": ""deprive""}, {""word"": ""starve"", ""meaning"": ""飢える；（～を）渇望する（for）；を飢えさせる""}]",175
2026-07-04 06:57:41,9,10,all,"[{""meaning"": ""〔the ～〕（～の）大半（of）；大きさ；大量"", ""word"": ""bulk""}]",207
2026-07-04 06:58:42,8,10,all,"[{""meaning"": ""よろけながら歩く；（～に）つまずく（on / over）"", ""word"": ""stumble""}, {""meaning"": ""肥沃な（⇔ barren 不毛の）；多産の"", ""word"": ""fertile""}]",254
2026-07-04 07:22:13,-5,0,koten,"[{""example"": ""つれづれなるままに"", ""meaning"": [""退屈""], ""word"": ""つれづれ""}, {""example"": ""ふつつかなる手つき"", ""meaning"": [""不器用だ""], ""word"": ""ふつつか""}, {""example"": ""はかなく暮らす"", ""meaning"": [""頼りない"", ""むなしい""], ""word"": ""はかなし""}, {""example"": ""あいなく笑ふ"", ""meaning"": [""つまらない"", ""むやみに""], ""word"": ""あいなし""}, {""example"": ""あやにくに背きぬ"", ""meaning"": [""意地が悪い""], ""word"": ""あやにく""}]",6
2026-07-04 07:31:15,8,10,all,"[{""meaning"": ""を除外する; あえて省く; うっかり落とす"", ""word"": ""omit""}, {""meaning"": ""を取り入れる；を法人にする；合併する"", ""word"": ""incorporate""}]",67
2026-07-04 07:32:19,8,10,all,"[{""meaning"": ""受け取る人；（臓器などの）被提供者"", ""word"": ""recipient""}, {""word"": ""relieve"", ""meaning"": ""を和らげる；〔受身形で〕（...して）安心する（to do）；を解放する""}]",112
2026-07-06 02:38:54,16,5,koten,"[{""meaning"": ""\""非業の死を遂げる, 惨死する\"""", ""word"": ""perish""}, {""meaning"": ""飢饉；（食糧・物資の）ひどい不足"", ""word"": ""famine""}, {""meaning"": ""乏しい；珍しい"", ""word"": ""scarce""}, {""meaning"": ""避難所，保護区；港"", ""word"": ""haven""}]",28
2026-07-06 02:40:43,18,20,all,"[{""meaning"": ""と主張する；競う"", ""word"": ""contend""}, {""meaning"": ""企業，事業；企画；進取の気性"", ""word"": ""enterprise""}]",116
2026-07-06 18:15:30,21,5,all,"[{""meaning"": ""妥協する；を危うくする"", ""word"": ""compromise""}, {""meaning"": ""おおよその"", ""word"": ""approximate""}, {""meaning"": ""をひどく恐れる"", ""word"": ""dread""}]",45
2026-07-06 18:18:14,19,24,all,"[{""meaning"": ""を進歩させる；を進める；進歩する；進む"", ""word"": ""advance""}, {""meaning"": ""流域；盆地，海盆；洗面器［台］"", ""word"": ""basin""}, {""meaning"": ""その後の"", ""word"": ""subsequent""}, {""meaning"": ""署名；特徴"", ""word"": ""signature""}, {""meaning"": ""を具現する；を包含する"", ""word"": ""embody""}]",168
2026-07-06 18:20:59,17,24,all,"[{""meaning"": ""を所有している；の心をとらえる"", ""word"": ""possess""}, {""meaning"": ""を織る；（計画・物語など）を作り上げる"", ""word"": ""weave""}, {""meaning"": ""を決定する；を正確に知る"", ""word"": ""determine""}, {""meaning"": ""飢える；（～を）渇望する（for）；を飢えさせる"", ""word"": ""starve""}, {""meaning"": ""軽蔑；恥辱"", ""word"": ""contempt""}, {""meaning"": ""（を）悼む（≒ grieve）；（を）嘆く"", ""word"": ""mourn""}, {""meaning"": ""\""をひどく嫌う, 軽蔑する\"""", ""word"": ""despise""}]",307
2026-07-07 00:36:15,8,10,all,"[{""meaning"": ""（～に対する）障害（物）（to）"", ""word"": ""obstacle""}, {""word"": ""semester"", ""meaning"": ""【主に米】 （2学期制の）学期""}]",70
2026-07-07 00:37:48,7,10,all,"[{""meaning"": ""正確な；精密な"", ""word"": ""accurate""}, {""meaning"": ""（～を）ののしる（at）；（を）誓う（≒ vow）"", ""word"": ""swear""}, {""word"": ""rely"", ""meaning"": ""頼る（≒ depend ⇒ 36）""}]",152
2026-07-07 00:39:39,8,10,all,"[{""meaning"": ""を許す；を免除する"", ""word"": ""forgive""}, {""meaning"": ""飢饉；（食糧・物資の）ひどい不足"", ""word"": ""famine""}]",252
2026-07-07 00:40:42,5,10,all,"[{""meaning"": ""わずか（≒ bit），一部；分数"", ""word"": ""fraction""}, {""meaning"": ""（傾斜が）急な；急激な；法外な"", ""word"": ""steep""}, {""meaning"": ""に憤慨する"", ""word"": ""resent""}, {""meaning"": ""空いている"", ""word"": ""vacant""}, {""word"": ""plague"", ""meaning"": ""疫病；（害虫などの）異常発生""}]",305
2026-07-07 00:42:13,9,10,all,"[{""meaning"": ""能力、機能；学部；教授陣"", ""word"": ""faculty""}]",385
2026-07-07 00:43:10,10,10,all,[],423
2026-07-07 00:44:14,9,10,all,"[{""meaning"": ""わずか（≒ bit），一部；分数"", ""word"": ""fraction""}]",476
2026-07-07 00:45:48,7,10,all,"[{""meaning"": ""を決定する；を正確に知る"", ""word"": ""determine""}, {""meaning"": ""を保存する；を保持する；を保護する"", ""word"": ""preserve""}, {""meaning"": ""偏見；傾向"", ""word"": ""bias""}]",560
2026-07-07 00:46:59,8,10,all,"[{""meaning"": ""を受け継ぐ；を相続する"", ""word"": ""inherit""}, {""meaning"": ""を抑える；を抑圧する"", ""word"": ""suppress""}]",620
2026-07-07 00:48:09,7,10,all,"[{""meaning"": ""女らしい（⇔ masculine ⇒ 1681）"", ""word"": ""feminine""}, {""meaning"": ""記念碑，遺跡；金字塔"", ""word"": ""monument""}, {""meaning"": ""を挿入する"", ""word"": ""insert""}]",659
2026-07-07 00:49:03,9,10,all,"[{""meaning"": ""感覚の"", ""word"": ""sensory""}]",702
2026-07-07 00:50:02,6,10,all,"[{""meaning"": ""（薬の1回分の）服用量；放射線の1回の照射量"", ""word"": ""dose""}, {""meaning"": ""に憤慨する"", ""word"": ""resent""}, {""meaning"": ""を（行って）持って［連れて］くる"", ""word"": ""fetch""}, {""meaning"": ""（攻撃などに）弱い，もろい；傷つきやすい"", ""word"": ""vulnerable""}]",748
2026-07-07 00:51:22,8,10,all,"[{""meaning"": ""を伝える；を運ぶ，運搬する"", ""word"": ""convey""}, {""meaning"": ""傾く；寄りかかる；をもたせかける"", ""word"": ""lean""}]",814
2026-07-07 22:51:44,21,5,all,"[{""meaning"": ""流域；盆地，海盆；洗面器［台］"", ""word"": ""basin""}, {""meaning"": ""その後の"", ""word"": ""subsequent""}, {""meaning"": ""の気分を害する；（に）違反する"", ""word"": ""offend""}, {""meaning"": ""署名；特徴"", ""word"": ""signature""}, {""meaning"": ""と矛盾する；に反対意見を言う"", ""word"": ""contradict""}, {""meaning"": ""軽蔑；恥辱"", ""word"": ""contempt""}, {""meaning"": ""（を）悼む（≒ grieve）；（を）嘆く"", ""word"": ""mourn""}, {""meaning"": ""\""をひどく嫌う, 軽蔑する\"""", ""word"": ""despise""}, {""meaning"": ""をささげる"", ""word"": ""devote""}]",76
2026-07-07 22:54:01,7,10,all,"[{""meaning"": ""無罪の（⇔guilty 有罪の）；無邪気な；無知の"", ""word"": ""innocent""}, {""meaning"": ""栄養（の摂取）"", ""word"": ""nutrition""}, {""word"": ""irrelevant"", ""meaning"": ""（～にとって）無関係の（to）；見当違いの""}]",182
2026-07-07 22:55:08,8,10,all,"[{""meaning"": ""〔～s〕軍隊；集団"", ""word"": ""troop""}, {""meaning"": ""相互の；共通の"", ""word"": ""mutual""}]",233
2026-07-07 22:55:53,10,10,all,[],268
2026-07-07 22:56:35,9,10,all,"[{""meaning"": ""領域；球体；天体"", ""word"": ""sphere""}]",299
2026-07-07 22:58:35,4,10,all,"[{""meaning"": ""腐敗する（≒ rot）；（徐々に）衰える"", ""word"": ""decay""}, {""meaning"": ""姿勢；心構え"", ""word"": ""posture""}, {""meaning"": ""を感知する；を見つけ出す；に気づく"", ""word"": ""detect""}, {""meaning"": ""犠牲；いけにえ"", ""word"": ""sacrifice""}, {""meaning"": ""爆発する；急増する；を論破する"", ""word"": ""explode""}, {""meaning"": ""期限が切れる"", ""word"": ""expire""}]",350
2026-07-07 22:59:33,7,10,all,"[{""meaning"": ""～にもかかわらず（≒ in spite of）"", ""word"": ""despite""}, {""meaning"": ""\""を宣言する, 公布する; …と宣言する; AをCであると宣言する\"""", ""word"": ""proclaim""}, {""word"": ""prosper"", ""meaning"": ""繁栄する; 成長する""}]",397
2026-07-07 23:00:15,8,10,all,"[{""meaning"": ""原産の，先住の；（その土地に）固有の"", ""word"": ""indigenous""}, {""meaning"": ""に権利を与える；に題名をつける"", ""word"": ""entitle""}]",430
2026-07-08 07:05:08,54,5,all,"[{""meaning"": ""飢饉；（食糧・物資の）ひどい不足"", ""word"": ""famine""}, {""meaning"": ""を決定する；を正確に知る"", ""word"": ""determine""}, {""meaning"": ""に憤慨する"", ""word"": ""resent""}, {""meaning"": ""【主に米】 （2学期制の）学期"", ""word"": ""semester""}, {""meaning"": ""感染（症）"", ""word"": ""infection""}, {""meaning"": ""適切な；正式の；〔名詞の後ろで〕主要な；（～に）固有の（to）"", ""word"": ""proper""}, {""meaning"": ""徐々の，緩やかな"", ""word"": ""gradual""}, {""meaning"": ""わずか（≒ bit），一部；分数"", ""word"": ""fraction""}, {""meaning"": ""能力、機能；学部；教授陣"", ""word"": ""faculty""}, {""meaning"": ""〔通例 the ～ties〕（関係）当局；権威；権限"", ""word"": ""authority""}, {""meaning"": ""をびっくりさせる"", ""word"": ""amaze""}, {""meaning"": ""皮質；樹皮"", ""word"": ""cortex""}, {""meaning"": ""を保存する；を保持する；を保護する"", ""word"": ""preserve""}, {""meaning"": ""（攻撃などに）弱い，もろい；傷つきやすい"", ""word"": ""vulnerable""}, {""meaning"": ""を大切にする；を心に抱く"", ""word"": ""cherish""}, {""meaning"": ""（無人）宇宙探査機；（～の）精査（into）；探り針"", ""word"": ""probe""}, {""meaning"": ""をだます（≒ take in）"", ""word"": ""deceive""}]",20
2026-07-08 07:10:27,61,71,all,"[{""meaning"": ""作戦，方策；戦術，戦法"", ""word"": ""tactics""}, {""meaning"": ""を消費する；を食べる，飲む"", ""word"": ""consume""}, {""meaning"": ""（野山などの）小道；跡；手がかり"", ""word"": ""trail""}, {""meaning"": ""肥沃な（⇔ barren 不毛の）；多産の"", ""word"": ""fertile""}, {""meaning"": ""に（～を）切に頼む（for）；（を）懇願する"", ""word"": ""beg""}, {""meaning"": ""\""を留める, 締める, 結ぶ\"""", ""word"": ""fasten""}, {""meaning"": ""を呼び起こす"", ""word"": ""evoke""}, {""meaning"": ""明白な（⇔ implicit ⇒ 1795）；率直な"", ""word"": ""explicit""}, {""meaning"": ""（を）熟考する；を予想する"", ""word"": ""contemplate""}, {""meaning"": ""（～と）会話をする（with）"", ""word"": ""converse""}]",260
2026-07-08 07:12:13,7,10,all,"[{""meaning"": ""（を）投資する；に（～を）与える（with）"", ""word"": ""invest""}, {""meaning"": ""かすかな；めまいがする；弱々しい"", ""word"": ""faint""}, {""meaning"": ""斬な，目しい"", ""word"": ""novel""}]",301
2026-07-08 07:13:16,8,10,all,"[{""meaning"": ""腐敗する（≒ rot）；（徐々に）衰える"", ""word"": ""decay""}, {""meaning"": ""（～との）対照（with / to）"", ""word"": ""contrast""}]",351
2026-07-08 07:14:03,9,10,all,"[{""meaning"": ""具体的な（⇔ abstract ⇒ 586）；有形の"", ""word"": ""concrete""}]",387
2026-07-08 07:14:58,10,10,all,[],430
2026-07-08 07:15:52,9,10,all,"[{""meaning"": ""仲介者，代理人；薬剤"", ""word"": ""agent""}]",474
2026-07-08 07:16:47,9,10,all,"[{""meaning"": ""を規制する；を調整する"", ""word"": ""regulate""}]",516
2026-07-08 07:17:48,7,10,all,"[{""meaning"": ""礼儀正しさ；好意；優遇"", ""word"": ""courtesy""}, {""meaning"": ""を制限する"", ""word"": ""restrict""}, {""meaning"": ""百科事典"", ""word"": ""encyclopedia""}]",567
2026-07-08 07:18:44,10,10,all,[],613
2026-07-08 07:19:34,8,10,all,"[{""meaning"": ""わずか（≒ bit），一部；分数"", ""word"": ""fraction""}, {""meaning"": ""（微）粒子；ほんのわずか"", ""word"": ""particle""}]",652
2026-07-08 07:20:18,10,10,all,[],685
2026-07-08 07:20:58,7,10,all,"[{""meaning"": ""を引き合いに出す；を引用する"", ""word"": ""cite""}, {""meaning"": ""おおよその"", ""word"": ""approximate""}, {""meaning"": ""に備えつける"", ""word"": ""equip""}]",715
2026-07-08 07:21:48,7,10,all,"[{""meaning"": ""名声"", ""word"": ""fame""}, {""meaning"": ""飼いならされた，人に慣れた；退屈な"", ""word"": ""tame""}, {""word"": ""vanish"", ""meaning"": ""消える（≒ disappear）""}]",754
2026-07-08 07:40:31,4,10,all,"[{""meaning"": ""を（～と）一致させる（with）；を和解させる"", ""word"": ""reconcile""}, {""meaning"": ""しがちな；（～を）受けやすい（to）；責任がある"", ""word"": ""liable""}, {""meaning"": ""を理解する"", ""word"": ""comprehend""}, {""meaning"": ""船舶；容器；（体液が通る）脈管"", ""word"": ""vessel""}, {""meaning"": ""を驚かす"", ""word"": ""astonish""}, {""word"": ""inquire"", ""meaning"": ""（を）尋ねる""}]",802
2026-07-08 07:41:32,7,10,all,"[{""meaning"": ""（の）ふりをする"", ""word"": ""pretend""}, {""meaning"": ""を妨げる"", ""word"": ""hinder""}, {""meaning"": ""緊急の"", ""word"": ""urgent""}]",847
2026-07-08 07:42:21,9,10,all,"[{""meaning"": ""を伝える；（電波・信号など）を送る"", ""word"": ""transmit""}]",882
2026-07-08 07:43:19,8,10,all,"[{""meaning"": ""自殺；自殺的行為"", ""word"": ""suicide""}, {""meaning"": ""を負かす（≒ beat）；を失敗させる"", ""word"": ""defeat""}]",928
2026-07-08 07:46:38,8,10,all,"[{""meaning"": ""殺虫剤；除草剤（≒herbicide）"", ""word"": ""pesticide""}, {""meaning"": ""（危険）を引き起こす；（問題など）を提起する；ポーズをとる；（～を）装う（as）"", ""word"": ""pose""}]",968
2026-07-08 07:47:31,8,10,all,"[{""meaning"": ""を侮辱する（≒ affront）"", ""word"": ""insult""}, {""meaning"": ""爆発する；急増する；を論破する"", ""word"": ""explode""}]",1011
2026-07-08 07:48:23,10,10,all,[],1051
2026-07-08 07:49:14,8,10,all,"[{""meaning"": ""有能な；適任の；満足できる"", ""word"": ""competent""}, {""meaning"": ""（結果など）を（～に）帰する（to）"", ""word"": ""attribute""}]",1091
2026-07-08 07:50:09,7,10,all,"[{""meaning"": ""（注意など）をそらす；を迂回させる；（資金など）を転用する"", ""word"": ""divert""}, {""meaning"": ""ささいな，取るに足りない"", ""word"": ""trivial""}, {""word"": ""deficit"", ""meaning"": ""赤字，不足；欠陥""}]",1132
2026-07-08 16:47:26,16,5,all,"[{""meaning"": ""大草原"", ""word"": ""prairie""}, {""meaning"": ""（注意など）をそらす"", ""word"": ""distract""}, {""meaning"": ""織物；繊維（産業）"", ""word"": ""textile""}, {""meaning"": ""もっともらしい"", ""word"": ""plausible""}, {""meaning"": ""計画（≒plan）；体系；陰謀"", ""word"": ""scheme""}, {""meaning"": ""厳しい；いかめしい"", ""word"": ""stern""}, {""meaning"": ""（世に）知られていない；不明瞭な"", ""word"": ""obscure""}, {""meaning"": ""を及ぼす；（力など）を行使する"", ""word"": ""exert""}, {""meaning"": ""絶望"", ""word"": ""despair""}, {""meaning"": ""（よい）香り；香水"", ""word"": ""scent""}]",42
2026-07-08 16:49:21,21,26,all,"[{""meaning"": ""を利用する（≒ make use of）"", ""word"": ""utilize""}, {""meaning"": ""妥当な；有効な"", ""word"": ""valid""}, {""meaning"": ""（無人）宇宙探査機；（～の）精査（into）；探り針"", ""word"": ""probe""}, {""meaning"": ""（～と）同時に（with）；一斉に"", ""word"": ""simultaneously""}, {""meaning"": ""罪悪感のある；（～について）有罪の（of）"", ""word"": ""guilty""}]",130
2026-07-08 16:51:25,19,26,all,"[{""meaning"": ""（目に）見える（⇔ invisible 見えない）；明白な"", ""word"": ""visible""}, {""meaning"": ""妥協する；を危うくする"", ""word"": ""compromise""}, {""meaning"": ""糖尿病"", ""word"": ""diabetes""}, {""meaning"": ""膨大な"", ""word"": ""immense""}, {""meaning"": ""と確信する，断言する；（金などを）かける"", ""word"": ""bet""}, {""meaning"": ""をうっかり表す；を裏切る"", ""word"": ""betray""}, {""meaning"": ""商品；有用なもの"", ""word"": ""commodity""}]",225
2026-07-08 16:53:31,25,26,all,"[{""meaning"": ""故意の；慎重な"", ""word"": ""deliberate""}]",328
2026-07-08 17:01:07,23,26,all,"[{""meaning"": ""を制止する；を規制する"", ""word"": ""restrain""}, {""meaning"": ""を禁じる（⇔permit 許可する）"", ""word"": ""forbid""}, {""meaning"": ""を構成する；になる，に等しい"", ""word"": ""constitute""}]",551
2026-07-08 17:04:03,18,26,all,"[{""meaning"": ""張り詰めた，緊張した"", ""word"": ""tense""}, {""meaning"": ""を変える；を改宗［転向］させる；を交換する"", ""word"": ""convert""}, {""meaning"": ""尊厳；威厳"", ""word"": ""dignity""}, {""meaning"": ""方法，解決策；公式"", ""word"": ""formula""}, {""meaning"": ""内部の（⇔ external ⇒ 989）；国内の；内面的な"", ""word"": ""internal""}, {""meaning"": ""高度，標高"", ""word"": ""altitude""}, {""meaning"": ""を許す；を免除する"", ""word"": ""forgive""}, {""word"": ""reign"", ""meaning"": ""治世；統治""}]",699
2026-07-08 17:07:31,19,26,all,"[{""meaning"": ""を公表する，暴く"", ""word"": ""disclose""}, {""meaning"": ""と確信する，断言する；（金などを）かける"", ""word"": ""bet""}, {""meaning"": ""出血する"", ""word"": ""bleed""}, {""meaning"": ""を隠す（≒ hide）；を秘密にする（⇔uncover ⇒ 1236）"", ""word"": ""conceal""}, {""meaning"": ""熱帯の"", ""word"": ""tropical""}, {""meaning"": ""獲物；犠牲者"", ""word"": ""prey""}, {""meaning"": ""由来する；を引き出す；を推論する"", ""word"": ""derive""}]",832
2026-07-08 17:10:17,20,26,all,"[{""meaning"": ""灌漑"", ""word"": ""irrigation""}, {""meaning"": ""に憤慨する"", ""word"": ""resent""}, {""meaning"": ""ひとりでいること；孤独"", ""word"": ""solitude""}, {""meaning"": ""（傾斜が）急な；急激な；法外な"", ""word"": ""steep""}, {""meaning"": ""（結果など）を（～に）帰する（to）"", ""word"": ""attribute""}, {""meaning"": ""歩き回る；それる；はぐれる"", ""word"": ""wander""}]",971
2026-07-08 17:12:20,20,26,all,"[{""meaning"": ""を密閉する；に封をする"", ""word"": ""seal""}, {""meaning"": ""優美，優雅；分別；（神の）恩寵"", ""word"": ""grace""}, {""meaning"": ""を利用する（≒ make use of）"", ""word"": ""utilize""}, {""meaning"": ""をはぐくむ；を養育する；を心に抱く"", ""word"": ""foster""}, {""meaning"": ""神の；神にささげる"", ""word"": ""divine""}, {""meaning"": ""親密な；密接な"", ""word"": ""intimate""}]",1067
2026-07-08 17:14:24,22,26,all,"[{""meaning"": ""に暴行する；を攻撃する"", ""word"": ""assault""}, {""meaning"": ""をささげる；を献呈する"", ""word"": ""dedicate""}, {""meaning"": ""（空間・時間）を占める；を占領する"", ""word"": ""occupy""}, {""meaning"": ""等しい，相当する"", ""word"": ""equivalent""}]",1163
2026-07-08 17:17:14,16,26,all,"[{""meaning"": ""を引き合いに出す；を引用する"", ""word"": ""cite""}, {""meaning"": ""急進的な；根本的な"", ""word"": ""radical""}, {""meaning"": ""（微）粒子；ほんのわずか"", ""word"": ""particle""}, {""meaning"": ""（野山などの）小道；跡；手がかり"", ""word"": ""trail""}, {""meaning"": ""を減らす；減少する（≒decrease）"", ""word"": ""diminish""}, {""meaning"": ""美的な；美学の"", ""word"": ""aesthetic""}, {""meaning"": ""その後の"", ""word"": ""subsequent""}, {""meaning"": ""（米国などの）議会；会議"", ""word"": ""congress""}, {""meaning"": ""（意見など）を退ける；を解雇する"", ""word"": ""dismiss""}, {""meaning"": ""（試合・論争などの）相手；反対者"", ""word"": ""opponent""}]",1272
2026-07-08 17:24:52,9,10,all,"[{""meaning"": ""わずかな；取るに足らない"", ""word"": ""slight""}]",46
2026-07-08 17:27:44,28,30,all,"[{""meaning"": ""に有罪を宣告する"", ""word"": ""convict""}, {""meaning"": ""を悪化させる；を合成する；を混合する"", ""word"": ""compound""}]",183
2026-07-08 17:29:58,26,30,all,"[{""meaning"": ""に興味を持たせる；陰謀を企てる"", ""word"": ""intrigue""}, {""meaning"": ""を喜ばせる；（～を）大いに喜ぶ（in）"", ""word"": ""delight""}, {""meaning"": ""（よい）香り；香水"", ""word"": ""scent""}, {""meaning"": ""（声）を発する；（考えなど）を述べる"", ""word"": ""utter""}]",280
2026-07-08 17:31:51,29,30,all,"[{""meaning"": ""に取って代わる；を取り替える"", ""word"": ""replace""}]",363
2026-07-08 17:34:32,27,30,all,"[{""meaning"": ""即座の，迅速な"", ""word"": ""prompt""}, {""meaning"": ""妥協する；を危うくする"", ""word"": ""compromise""}, {""meaning"": ""を命じる；を指揮する；（景色）を見渡せる"", ""word"": ""command""}]",495
2026-07-08 18:08:11,-4,0,koten,"[{""example"": ""あながちなる振る舞い"", ""meaning"": [""強引だ"", ""むやみだ""], ""word"": ""あながち""}, {""example"": ""恋ひてあくがれぬ"", ""meaning"": [""さまよう"", ""心が離れる""], ""word"": ""あくがる""}, {""example"": ""いぶかしき心地"", ""meaning"": [""気がかりだ"", ""知りたい""], ""word"": ""いぶかし""}, {""example"": ""すくよしと聞こゆ"", ""meaning"": [""強い""], ""word"": ""すくよし""}]",4
2026-07-08 18:09:31,-5,0,koten,"[{""example"": ""あながちなる振る舞い"", ""meaning"": [""強引だ"", ""むやみだ""], ""word"": ""あながち""}, {""example"": ""恋ひてあくがれぬ"", ""meaning"": [""さまよう"", ""心が離れる""], ""word"": ""あくがる""}, {""example"": ""いぶかしき心地"", ""meaning"": [""気がかりだ"", ""知りたい""], ""word"": ""いぶかし""}, {""example"": ""すくよしと聞こゆ"", ""meaning"": [""強い""], ""word"": ""すくよし""}, {""example"": ""ひがひがしき者"", ""meaning"": [""ひねくれている""], ""word"": ""ひがひがし""}]",4
2026-07-08 18:10:48,-7,0,koten,"[{""example"": ""あながちなる振る舞い"", ""meaning"": [""強引だ"", ""むやみだ""], ""word"": ""あながち""}, {""example"": ""恋ひてあくがれぬ"", ""meaning"": [""さまよう"", ""心が離れる""], ""word"": ""あくがる""}, {""example"": ""いぶかしき心地"", ""meaning"": [""気がかりだ"", ""知りたい""], ""word"": ""いぶかし""}, {""example"": ""すくよしと聞こゆ"", ""meaning"": [""強い""], ""word"": ""すくよし""}, {""example"": ""ひがひがしき者"", ""meaning"": [""ひねくれている""], ""word"": ""ひがひがし""}, {""example"": ""ふびんなる境遇"", ""meaning"": [""気の毒だ"", ""不都合だ""], ""word"": ""ふびんなり""}, {""example"": ""いかめしき御装束"", ""meaning"": [""厳しい"", ""威厳がある""], ""word"": ""いかめし""}]",9
2026-07-08 18:11:50,-7,0,koten,"[{""example"": ""あながちなる振る舞い"", ""meaning"": [""強引だ"", ""むやみだ""], ""word"": ""あながち""}, {""example"": ""恋ひてあくがれぬ"", ""meaning"": [""さまよう"", ""心が離れる""], ""word"": ""あくがる""}, {""example"": ""いぶかしき心地"", ""meaning"": [""気がかりだ"", ""知りたい""], ""word"": ""いぶかし""}, {""example"": ""すくよしと聞こゆ"", ""meaning"": [""強い""], ""word"": ""すくよし""}, {""example"": ""ひがひがしき者"", ""meaning"": [""ひねくれている""], ""word"": ""ひがひがし""}, {""example"": ""ふびんなる境遇"", ""meaning"": [""気の毒だ"", ""不都合だ""], ""word"": ""ふびんなり""}, {""example"": ""いかめしき御装束"", ""meaning"": [""厳しい"", ""威厳がある""], ""word"": ""いかめし""}]",9
2026-07-08 18:14:27,29,30,all,"[{""meaning"": ""を推論する，推測する"", ""word"": ""infer""}]",123
2026-07-08 18:16:53,28,30,all,"[{""meaning"": ""気が進まない，嫌がる（⇔ willing ⇒ 298）"", ""word"": ""reluctant""}, {""meaning"": ""散らかった状態［物］；混乱状態"", ""word"": ""mess""}]",235
2026-07-09 07:58:22,20,30,all,"[{""meaning"": ""を限定する；〔通例受身形で〕閉じ込められる"", ""word"": ""confine""}, {""meaning"": ""出発する；（～から）それる（from）"", ""word"": ""depart""}, {""meaning"": ""構成要素；部品"", ""word"": ""component""}, {""meaning"": ""をもたらす；を（～に）譲る（to）；（～に）屈する（to）"", ""word"": ""yield""}, {""meaning"": ""を及ぼす；（力など）を行使する"", ""word"": ""exert""}, {""meaning"": ""乱用；虐待"", ""word"": ""abuse""}, {""meaning"": ""（情報）を検索する；を取り戻す；を回復する"", ""word"": ""retrieve""}, {""meaning"": ""を所有している；の心をとらえる"", ""word"": ""possess""}, {""meaning"": ""をむかつかせる；に愛想を尽かせる"", ""word"": ""disgust""}, {""word"": ""bulk"", ""meaning"": ""〔the ～〕（～の）大半（of）；大きさ；大量""}]",165
2026-07-09 08:00:33,24,30,all,"[{""meaning"": ""を汚染する；を堕落させる"", ""word"": ""contaminate""}, {""meaning"": ""を評価する；を査定する"", ""word"": ""assess""}, {""meaning"": ""冷笑的な，皮肉な"", ""word"": ""cynical""}, {""meaning"": ""（声）を発する；（考えなど）を述べる"", ""word"": ""utter""}, {""meaning"": ""部分的な；不公平な（⇔impartial 公平な）"", ""word"": ""partial""}, {""word"": ""withstand"", ""meaning"": ""に耐える""}]",265
2026-07-09 08:03:16,27,30,all,"[{""meaning"": ""（座席間などの）通路"", ""word"": ""aisle""}, {""meaning"": ""（を）からかう；をいじめる"", ""word"": ""tease""}, {""meaning"": ""〔通例 the ～ties〕（関係）当局；権威；権限"", ""word"": ""authority""}]",398
2026-07-09 08:12:51,25,30,all,"[{""meaning"": ""編集者；編集長"", ""word"": ""editor""}, {""meaning"": ""柔軟な；プラスチックの，ビニールの"", ""word"": ""plastic""}, {""meaning"": ""具体的な（⇔ abstract ⇒ 586）；有形の"", ""word"": ""concrete""}, {""meaning"": ""無罪の（⇔guilty 有罪の）；無邪気な；無知の"", ""word"": ""innocent""}, {""meaning"": ""を分類する；を機密扱いにする"", ""word"": ""classify""}]",559
2026-07-09 08:15:25,24,30,all,"[{""meaning"": ""捜す；を捜索する；を詳しく調べる"", ""word"": ""search""}, {""meaning"": ""厳しい；（光・色・味などが）不快な"", ""word"": ""harsh""}, {""meaning"": ""を受け入れる；（を）抱擁する；を包含する"", ""word"": ""embrace""}, {""meaning"": ""配偶者"", ""word"": ""spouse""}, {""meaning"": ""絶滅した；廃止された"", ""word"": ""extinct""}, {""meaning"": ""明らかな；平易な；飾りのない；率直な"", ""word"": ""plain""}]",675
2026-07-09 20:39:16,3,5,all,"[{""meaning"": ""かすかな；めまいがする；弱々しい"", ""word"": ""faint""}, {""meaning"": ""を建てる；を直立させる"", ""word"": ""erect""}]",22
2026-07-09 20:39:41,5,5,all,[],41
2026-07-11 18:19:12,162,5,all,"[{""meaning"": ""（に）浸透する；（に）進出する；（を）貫く；（を）見抜く"", ""word"": ""penetrate""}, {""meaning"": ""漏れる；を漏らす"", ""word"": ""leak""}, {""meaning"": ""慢性の（⇔ acute ⇒ 1486）；長引く；常習の"", ""word"": ""chronic""}, {""meaning"": ""物語、話；（小説の）叙述部分、地の文"", ""word"": ""narrative""}, {""meaning"": ""重大な；深い；難解な"", ""word"": ""profound""}, {""meaning"": ""肥満した"", ""word"": ""obese""}, {""meaning"": ""（注意など）をそらす；を迂回させる；（資金など）を転用する"", ""word"": ""divert""}, {""meaning"": ""明白な（⇔ implicit ⇒ 1795）；率直な"", ""word"": ""explicit""}, {""meaning"": ""と矛盾する；に反対意見を言う"", ""word"": ""contradict""}, {""meaning"": ""【主に米】 （2学期制の）学期"", ""word"": ""semester""}, {""meaning"": ""（英国などの）議会；国会議員（団）"", ""word"": ""parliament""}, {""meaning"": ""人物の紹介；横顔；輪郭"", ""word"": ""profile""}, {""meaning"": ""から成る；を構成する"", ""word"": ""comprise""}, {""meaning"": ""（調査・実験など）を実施する；を導く"", ""word"": ""conduct""}, {""meaning"": ""殺虫剤；除草剤（≒herbicide）"", ""word"": ""pesticide""}, {""meaning"": ""織物；繊維（産業）"", ""word"": ""textile""}, {""meaning"": ""を推論する，推測する"", ""word"": ""infer""}, {""meaning"": ""青年；青年期の"", ""word"": ""adolescent""}, {""meaning"": ""をだます（≒ take in）"", ""word"": ""deceive""}, {""meaning"": ""を分類する；を機密扱いにする"", ""word"": ""classify""}, {""meaning"": ""順応する；一致する"", ""word"": ""conform""}, {""meaning"": ""計画（≒plan）；体系；陰謀"", ""word"": ""scheme""}, {""meaning"": ""故意の；慎重な"", ""word"": ""deliberate""}, {""meaning"": ""赤字，不足；欠陥"", ""word"": ""deficit""}, {""meaning"": ""を喜ばせる；（～を）大いに喜ぶ（in）"", ""word"": ""delight""}, {""meaning"": ""消える（≒ disappear）"", ""word"": ""vanish""}, {""meaning"": ""（世に）知られていない；不明瞭な"", ""word"": ""obscure""}, {""meaning"": ""を公表する，暴く"", ""word"": ""disclose""}, {""meaning"": ""気が進まない，嫌がる（⇔ willing ⇒ 298）"", ""word"": ""reluctant""}, {""meaning"": ""ではないかと思う；（人）を疑う"", ""word"": ""suspect""}, {""meaning"": ""に暴行する；を攻撃する"", ""word"": ""assault""}, {""meaning"": ""を所有している；の心をとらえる"", ""word"": ""possess""}, {""meaning"": ""をつかむ；を奪い取る；を没収する"", ""word"": ""seize""}, {""meaning"": ""を調査する；を究明する；（～を）調査する（into）"", ""word"": ""investigate""}, {""meaning"": ""を逮捕する；を止める；（注意）を引く"", ""word"": ""arrest""}, {""meaning"": ""を減らす；減少する（≒decrease）"", ""word"": ""diminish""}, {""meaning"": ""大まかな；粗野な；未精製の"", ""word"": ""crude""}, {""meaning"": ""に権利を与える；に題名をつける"", ""word"": ""entitle""}, {""meaning"": ""獲物；犠牲者"", ""word"": ""prey""}, {""meaning"": ""に有罪を宣告する"", ""word"": ""convict""}, {""meaning"": ""に憤慨する"", ""word"": ""resent""}, {""meaning"": ""\""喜ぶ; …して喜ぶ, 歓喜する, うれしがる\"""", ""word"": ""rejoice""}, {""meaning"": ""神の；神にささげる"", ""word"": ""divine""}, {""meaning"": ""側面，局面；次元；寸法"", ""word"": ""dimension""}, {""meaning"": ""状況，背景；文脈"", ""word"": ""context""}, {""meaning"": ""の気分を害する；（に）違反する"", ""word"": ""offend""}, {""meaning"": ""美的な；美学の"", ""word"": ""aesthetic""}, {""meaning"": ""軽蔑；恥辱"", ""word"": ""contempt""}, {""meaning"": ""感染（症）"", ""word"": ""infection""}, {""meaning"": ""わずか（≒ bit），一部；分数"", ""word"": ""fraction""}, {""meaning"": ""を大切にする；を心に抱く"", ""word"": ""cherish""}, {""meaning"": ""を宣言する；を申告する"", ""word"": ""declare""}, {""meaning"": ""領域；球体；天体"", ""word"": ""sphere""}, {""meaning"": ""（～と）会話をする（with）"", ""word"": ""converse""}, {""meaning"": ""具体的な（⇔ abstract ⇒ 586）；有形の"", ""word"": ""concrete""}, {""meaning"": ""断片"", ""word"": ""fragment""}, {""meaning"": ""を引き合いに出す；を引用する"", ""word"": ""cite""}, {""meaning"": ""に備えつける"", ""word"": ""equip""}, {""meaning"": ""しがちな；（～を）受けやすい（to）；責任がある"", ""word"": ""liable""}, {""meaning"": ""（を）尋ねる"", ""word"": ""inquire""}, {""meaning"": ""（の）ふりをする"", ""word"": ""pretend""}, {""meaning"": ""ばかげた；口のきけない；無言の"", ""word"": ""dumb""}, {""meaning"": ""（結果など）を（～に）帰する（to）"", ""word"": ""attribute""}, {""meaning"": ""酸性の；酸っぱい；辛辣な"", ""word"": ""acid""}, {""meaning"": ""（よい）香り；香水"", ""word"": ""scent""}, {""meaning"": ""（情報）を検索する；を取り戻す；を回復する"", ""word"": ""retrieve""}, {""meaning"": ""を利用する（≒ make use of）"", ""word"": ""utilize""}, {""meaning"": ""糖尿病"", ""word"": ""diabetes""}, {""meaning"": ""膨大な"", ""word"": ""immense""}, {""meaning"": ""商品；有用なもの"", ""word"": ""commodity""}, {""meaning"": ""治世；統治"", ""word"": ""reign""}, {""meaning"": ""灌漑"", ""word"": ""irrigation""}, {""meaning"": ""（人）に資格を与える；資格がある"", ""word"": ""qualify""}, {""meaning"": ""出発する；（～から）それる（from）"", ""word"": ""depart""}, {""meaning"": ""まずまずの；きちんとした；上品な"", ""word"": ""decent""}, {""meaning"": ""をもたらす；を（～に）譲る（to）；（～に）屈する（to）"", ""word"": ""yield""}, {""meaning"": ""行政区；病棟"", ""word"": ""ward""}, {""meaning"": ""を汚染する；を堕落させる"", ""word"": ""contaminate""}, {""meaning"": ""を評価する；を査定する"", ""word"": ""assess""}, {""meaning"": ""遠征（隊）、探検（隊）"", ""word"": ""expedition""}, {""meaning"": ""に耐える"", ""word"": ""withstand""}, {""meaning"": ""硬直した，凝った；堅い"", ""word"": ""stiff""}, {""meaning"": ""厳しい；（光・色・味などが）不快な"", ""word"": ""harsh""}]",25
2026-07-11 18:22:15,27,30,all,"[{""meaning"": ""まずまずの；きちんとした；上品な"", ""word"": ""decent""}, {""meaning"": ""窮状（＝ predicament）；（悪い）状態"", ""word"": ""plight""}, {""meaning"": ""（結果など）を（～に）帰する（to）"", ""word"": ""attribute""}]",143
2026-07-11 22:44:30,9,5,all,"[{""meaning"": ""を超える；に勝る"", ""word"": ""exceed""}, {""meaning"": ""を追放する；を吐き出す"", ""word"": ""expel""}, {""meaning"": ""\""Aを脅す, 脅迫する; をすると脅す\"""", ""word"": ""threaten""}]",28
2026-07-11 22:45:30,9,10,all,"[{""meaning"": ""（を）溶かす；（議会など）を解散する；（契約など）を解消する；溶ける"", ""word"": ""dissolve""}]",77
2026-07-12 00:15:33,10,10,all,[],45
2026-07-12 00:28:43,8,10,all,"[{""meaning"": ""由来する；を引き出す；を推論する"", ""word"": ""derive""}, {""word"": ""detect"", ""meaning"": ""を感知する；を見つけ出す；に気づく""}]",80
2026-07-12 00:30:19,5,10,all,"[{""meaning"": ""明らかに異なる；明瞭な"", ""word"": ""distinct""}, {""meaning"": ""を分割する；を分担する；分裂する"", ""word"": ""split""}, {""meaning"": ""肥沃な（⇔ barren 不毛の）；多産の"", ""word"": ""fertile""}, {""meaning"": ""再会（の集い）；再結合"", ""word"": ""reunion""}, {""word"": ""famine"", ""meaning"": ""飢饉；（食糧・物資の）ひどい不足""}]",166
2026-07-12 00:32:02,6,10,all,"[{""meaning"": ""言葉の；口頭での；動詞の"", ""word"": ""verbal""}, {""meaning"": ""崩壊する；（人が）倒れる；を折り畳む"", ""word"": ""collapse""}, {""meaning"": ""避難所，保護区；港"", ""word"": ""haven""}, {""word"": ""reassure"", ""meaning"": ""を安心させる""}]",259
2026-07-12 00:32:59,10,10,all,[],306
2026-07-12 00:33:49,9,10,all,"[{""meaning"": ""繁栄する; 成長する"", ""word"": ""prosper""}]",347
2026-07-12 00:37:57,10,10,all,[],425
2026-07-12 01:43:15,8,10,all,"[{""meaning"": ""を主張する"", ""word"": ""assert""}, {""meaning"": ""（試合などの）観客"", ""word"": ""spectator""}]",522
2026-07-13 16:25:02,82,5,all,"[{""meaning"": ""明らかな；平易な；飾りのない；率直な"", ""word"": ""plain""}, {""meaning"": ""を（～に）分配する（to）；〔受身形で〕分布する"", ""word"": ""distribute""}, {""meaning"": ""殺到する；（感情が）こみ上げる；急騰する"", ""word"": ""surge""}, {""meaning"": ""光り［照り］輝く；赤く燃える；紅潮する"", ""word"": ""glow""}, {""meaning"": ""をいら立たせる；（計画・希望など）を挫折させる"", ""word"": ""frustrate""}, {""meaning"": ""を説得する；に確信させる"", ""word"": ""persuade""}, {""meaning"": ""目立つ"", ""word"": ""conspicuous""}, {""meaning"": ""誤った考え，誤信；錯誤"", ""word"": ""fallacy""}, {""meaning"": ""に興味を持たせる；陰謀を企てる"", ""word"": ""intrigue""}, {""meaning"": ""利益，恩恵；給付金"", ""word"": ""benefit""}, {""meaning"": ""をなだめる；を和らげる"", ""word"": ""soothe""}, {""meaning"": ""を放棄する，引き渡す；（～に）屈する（to）"", ""word"": ""surrender""}, {""meaning"": ""柔軟な；プラスチックの，ビニールの"", ""word"": ""plastic""}, {""meaning"": ""（人・動物・植物）を育てる（≒ raise）"", ""word"": ""rear""}, {""meaning"": ""管理（部）；行政；政府（機関）"", ""word"": ""administration""}, {""meaning"": ""栄養（の摂取）"", ""word"": ""nutrition""}, {""meaning"": ""を怖がらせる；を脅かす"", ""word"": ""terrify""}]",21
2026-07-13 16:35:15,84,99,all,"[{""meaning"": ""をびっくりさせる（≒ surprise）"", ""word"": ""startle""}, {""meaning"": ""を調べる；を診察する；を尋問する"", ""word"": ""examine""}, {""meaning"": ""（結果など）を（～に）帰する（to）"", ""word"": ""attribute""}, {""meaning"": ""を暗唱する；を詳述する"", ""word"": ""recite""}, {""meaning"": ""犠牲；いけにえ"", ""word"": ""sacrifice""}, {""meaning"": ""余白；差；利ざや"", ""word"": ""margin""}, {""meaning"": ""を尊敬する；を見なす"", ""word"": ""esteem""}, {""meaning"": ""をまねる；を模造する"", ""word"": ""imitate""}, {""meaning"": ""に興味を持たせる；陰謀を企てる"", ""word"": ""intrigue""}, {""meaning"": ""〔集合的に〕景色；背景"", ""word"": ""scenery""}, {""meaning"": ""通勤［通学］する"", ""word"": ""commute""}, {""meaning"": ""を妨げる"", ""word"": ""hinder""}, {""meaning"": ""（の）ふりをする"", ""word"": ""pretend""}, {""meaning"": ""痛い；腹が立って"", ""word"": ""sore""}, {""meaning"": ""織物、布（地）；構造"", ""word"": ""fabric""}]",427
2026-07-13 17:46:57,10,10,all,"[{""meaning"": ""（～を）ののしる（at）；（を）誓う（≒ vow）"", ""word"": ""swear""}, {""meaning"": ""軍の，軍事（用）の"", ""word"": ""military""}]",45
2026-07-13 17:47:56,11,12,all,"[{""meaning"": ""監督者；指導教員"", ""word"": ""supervisor""}]",91
2026-07-13 17:48:54,9,12,all,"[{""meaning"": ""を統合［統一］する；統一される"", ""word"": ""unify""}, {""meaning"": ""利害関係；〔通例～s〕賭け金；杭"", ""word"": ""stake""}, {""meaning"": ""計算；算数"", ""word"": ""arithmetic""}]",138
2026-07-13 17:49:48,9,12,all,"[{""meaning"": ""【米】 郡；【英】州"", ""word"": ""county""}, {""meaning"": ""儀式；（日常の）習慣的行為"", ""word"": ""ritual""}, {""meaning"": ""商品；有用なもの"", ""word"": ""commodity""}]",180
2026-07-13 17:50:38,12,12,all,[],218
2026-07-13 17:51:24,10,12,all,"[{""meaning"": ""を非難する；を告訴する"", ""word"": ""accuse""}, {""meaning"": ""をつかむ；を奪い取る；を没収する"", ""word"": ""seize""}]",254
2026-07-13 17:52:19,11,12,all,"[{""meaning"": ""を中断させる；（の）邪魔をする"", ""word"": ""interrupt""}]",298
2026-07-13 17:53:09,10,12,all,"[{""meaning"": ""\""を刺す, 貫く, 突き通す, …に穴をあける\"""", ""word"": ""pierce""}, {""meaning"": ""注目に値する；著名な"", ""word"": ""notable""}]",336
2026-07-13 17:53:53,10,12,all,"[{""meaning"": ""を刺激する"", ""word"": ""stimulate""}, {""meaning"": ""世論調査；投票（数）"", ""word"": ""poll""}]",369
2026-07-13 17:54:46,11,12,all,"[{""meaning"": ""具体的な（⇔ abstract ⇒ 586）；有形の"", ""word"": ""concrete""}]",409
2026-07-13 17:55:38,9,12,all,"[{""meaning"": ""に有罪を宣告する"", ""word"": ""convict""}, {""meaning"": ""を停職［停学，出場停止］にする；を一時的に中断する"", ""word"": ""suspend""}, {""word"": ""coincide"", ""meaning"": ""同時に起こる；一致する""}]",449
2026-07-13 17:56:25,12,12,all,[],486
2026-07-13 18:01:13,8,10,all,"[{""meaning"": ""〔通例 the ～ties〕（関係）当局；権威；権限"", ""word"": ""authority""}, {""meaning"": ""重大な；深い；難解な"", ""word"": ""profound""}]",26
2026-07-13 18:01:52,8,10,all,"[{""meaning"": ""遠征（隊）、探検（隊）"", ""word"": ""expedition""}, {""meaning"": ""故意の；慎重な"", ""word"": ""deliberate""}]",19
2026-07-13 18:02:35,10,10,all,[],49
2026-07-13 18:03:15,9,10,all,"[{""meaning"": ""を納得［確信］させる"", ""word"": ""convince""}]",80
2026-07-13 18:04:03,9,10,all,"[{""meaning"": ""（を）溶かす；（議会など）を解散する；（契約など）を解消する；溶ける"", ""word"": ""dissolve""}]",118
2026-07-13 18:04:58,9,10,all,"[{""word"": ""resent"", ""meaning"": ""に憤慨する""}]",163
2026-07-13 18:27:13,10,10,all,[],34
2026-07-13 18:28:16,8,10,all,"[{""meaning"": ""余白；差；利ざや"", ""word"": ""margin""}, {""word"": ""entire"", ""meaning"": ""全体の，全部の（≒ whole）；完全な""}]",88
2026-07-13 18:28:54,9,10,all,"[{""meaning"": ""崩壊する；（人が）倒れる；を折り畳む"", ""word"": ""collapse""}]",115
2026-07-13 18:29:40,7,10,all,"[{""meaning"": ""成熟した（⇔ immature 未熟な）；熟した"", ""word"": ""mature""}, {""meaning"": ""をだめにする；を破滅させる；破滅する"", ""word"": ""ruin""}, {""meaning"": ""（～にとって）無関係の（to）；見当違いの"", ""word"": ""irrelevant""}]",153
2026-07-13 18:31:42,15,5,all,[],35
2026-07-13 18:33:02,11,15,all,"[{""meaning"": ""（～に）適切な（for / to）"", ""word"": ""appropriate""}, {""meaning"": ""永続的な（⇔ temporary ⇒ 793）"", ""word"": ""permanent""}, {""meaning"": ""（を）合併する；を融合させる；溶け込む"", ""word"": ""merge""}, {""word"": ""decay"", ""meaning"": ""腐敗する（≒ rot）；（徐々に）衰える""}]",103
2026-07-13 18:34:20,13,15,all,"[{""meaning"": ""頼る（≒ depend ⇒ 36）"", ""word"": ""rely""}, {""meaning"": ""理性的な；合理的な"", ""word"": ""rational""}]",163
2026-07-13 18:35:29,12,15,all,"[{""meaning"": ""を追放する；を吐き出す"", ""word"": ""expel""}, {""meaning"": ""突然の（≒ sudden）"", ""word"": ""abrupt""}, {""word"": ""province"", ""meaning"": ""州，省；〔the ～s〕地方；分野""}]",219
2026-07-13 18:36:17,13,15,all,"[{""meaning"": ""続く；固執する"", ""word"": ""persist""}, {""meaning"": ""重要な"", ""word"": ""vital""}]",255
2026-07-13 18:37:15,12,15,all,"[{""meaning"": ""に（～を）備えつける（with）"", ""word"": ""furnish""}, {""meaning"": ""を受け入れる；（を）抱擁する；を包含する"", ""word"": ""embrace""}, {""meaning"": ""をこぼす；こぼれる"", ""word"": ""spill""}]",297
2026-07-13 18:38:27,9,15,all,"[{""meaning"": ""正確な（≒ exact）；精密な；まさにその"", ""word"": ""precise""}, {""meaning"": ""（～についての）見解（on / about）；（～に対する）（特定の）見方（of）；眺め"", ""word"": ""view""}, {""meaning"": ""突然の（≒ sudden）"", ""word"": ""abrupt""}, {""meaning"": ""に気づく"", ""word"": ""notice""}, {""meaning"": ""に（～を）切に頼む（for）；（を）懇願する"", ""word"": ""beg""}, {""word"": ""compliment"", ""meaning"": ""賛辞；表敬""}]",356
2026-07-13 18:44:42,5,10,all,"[{""meaning"": ""（人・動物・植物）を育てる（≒ raise）"", ""word"": ""rear""}, {""meaning"": ""監督者；指導教員"", ""word"": ""supervisor""}, {""meaning"": ""知恵；賢明さ；学識"", ""word"": ""wisdom""}, {""meaning"": ""無謀な；（～を）顧みない（of）"", ""word"": ""reckless""}, {""meaning"": ""から（権利などを）奪う"", ""word"": ""deprive""}]",48
2026-07-13 18:45:28,9,10,all,"[{""meaning"": ""を歪める；歪む"", ""word"": ""distort""}]",84
2026-07-13 18:46:20,9,10,all,"[{""meaning"": ""（～より）下位の（to）；副次的な"", ""word"": ""subordinate""}]",127
2026-07-13 18:47:05,7,10,all,"[{""meaning"": ""方式；気分；形態；流行"", ""word"": ""mode""}, {""meaning"": ""目立つ"", ""word"": ""conspicuous""}, {""word"": ""unify"", ""meaning"": ""を統合［統一］する；統一される""}]",161
2026-07-13 18:47:48,8,10,all,"[{""meaning"": ""に栄養を与える；をはぐくむ"", ""word"": ""nourish""}, {""word"": ""inquire"", ""meaning"": ""（を）尋ねる""}]",194
2026-07-13 18:48:23,10,10,all,[],222
2026-07-13 18:49:37,5,10,all,"[{""meaning"": ""膨張する，腫れる；を膨らませる"", ""word"": ""swell""}, {""meaning"": ""地区；行政区"", ""word"": ""district""}, {""meaning"": ""をびっくりさせる（≒ surprise）"", ""word"": ""startle""}, {""meaning"": ""鋳型；鋳物；性格；かび"", ""word"": ""mold""}, {""word"": ""feast"", ""meaning"": ""祝宴；大ごちそう；楽しみ""}]",253
2026-07-13 18:50:15,8,10,all,"[{""meaning"": ""膨張する，腫れる；を膨らませる"", ""word"": ""swell""}, {""meaning"": ""を大切にする；を心に抱く"", ""word"": ""cherish""}]",283
2026-07-13 18:51:01,8,10,all,"[{""meaning"": ""と思う；と仮定する"", ""word"": ""suppose""}, {""word"": ""deceive"", ""meaning"": ""をだます（≒ take in）""}]",320
2026-07-13 18:51:41,8,10,all,"[{""meaning"": ""（大）企業；法人"", ""word"": ""corporation""}, {""meaning"": ""を構成する；になる，に等しい"", ""word"": ""constitute""}]",29
2026-07-13 19:12:17,5,10,all,"[{""meaning"": ""莫大な，巨大な"", ""word"": ""enormous""}, {""meaning"": ""重要な"", ""word"": ""vital""}, {""meaning"": ""無罪の（⇔guilty 有罪の）；無邪気な；無知の"", ""word"": ""innocent""}, {""meaning"": ""と確信する，断言する；（金などを）かける"", ""word"": ""bet""}, {""meaning"": ""正確な（≒ exact）；精密な；まさにその"", ""word"": ""precise""}]",47
2026-07-13 19:13:01,6,10,all,"[{""meaning"": ""衝突；対立"", ""word"": ""collision""}, {""meaning"": ""を記録する，登録する；（～に）登録する（for）"", ""word"": ""register""}, {""meaning"": ""\""本物の（≒ authentic ⇒ 1580, real）；偽りのない\"""", ""word"": ""genuine""}, {""meaning"": ""を明確にする"", ""word"": ""clarify""}]",80
2026-07-14 07:15:54,17,5,all,"[{""meaning"": ""を魅了する"", ""word"": ""fascinate""}, {""meaning"": ""を止める；止まる"", ""word"": ""halt""}, {""meaning"": ""治療（法）；治療薬；解決法"", ""word"": ""remedy""}]",46
2026-07-14 07:20:05,16,20,all,"[{""meaning"": ""をだます（≒ take in）"", ""word"": ""deceive""}, {""meaning"": ""豊富な；（～に）富む（in）"", ""word"": ""abundant""}, {""meaning"": ""（考えなどに）取りつかれること；妄想；強迫観念"", ""word"": ""obsession""}, {""meaning"": ""を変える；を改宗［転向］させる；を交換する"", ""word"": ""convert""}]",199
2026-07-14 13:03:33,32,5,all,"[{""meaning"": ""ひとりでいること；孤独"", ""word"": ""solitude""}, {""meaning"": ""消える（≒ disappear）"", ""word"": ""vanish""}, {""meaning"": ""（世に）知られていない；不明瞭な"", ""word"": ""obscure""}, {""meaning"": ""を逮捕する；を止める；（注意）を引く"", ""word"": ""arrest""}, {""meaning"": ""大まかな；粗野な；未精製の"", ""word"": ""crude""}, {""meaning"": ""獲物；犠牲者"", ""word"": ""prey""}, {""meaning"": ""（～に対する）障害（物）（to）"", ""word"": ""obstacle""}, {""meaning"": ""に負担をかける；を緊張させる；を漉す"", ""word"": ""strain""}, {""meaning"": ""\""喜ぶ; …して喜ぶ, 歓喜する, うれしがる\"""", ""word"": ""rejoice""}, {""meaning"": ""神の；神にささげる"", ""word"": ""divine""}, {""meaning"": ""観点，見方；大局観；遠近法"", ""word"": ""perspective""}, {""meaning"": ""と矛盾する；に反対意見を言う"", ""word"": ""contradict""}, {""meaning"": ""徐々の，緩やかな"", ""word"": ""gradual""}, {""meaning"": ""わずか（≒ bit），一部；分数"", ""word"": ""fraction""}, {""meaning"": ""能力、機能；学部；教授陣"", ""word"": ""faculty""}, {""meaning"": ""爆発する；急増する；を論破する"", ""word"": ""explode""}, {""meaning"": ""（英国などの）議会；国会議員（団）"", ""word"": ""parliament""}, {""meaning"": ""（無人）宇宙探査機；（～の）精査（into）；探り針"", ""word"": ""probe""}, {""meaning"": ""（～と）会話をする（with）"", ""word"": ""converse""}, {""meaning"": ""しがちな；（～を）受けやすい（to）；責任がある"", ""word"": ""liable""}, {""meaning"": ""酸性の；酸っぱい；辛辣な"", ""word"": ""acid""}, {""meaning"": ""（情報）を検索する；を取り戻す；を回復する"", ""word"": ""retrieve""}, {""meaning"": ""を利用する（≒ make use of）"", ""word"": ""utilize""}, {""meaning"": ""傾向がある；傾いた"", ""word"": ""inclined""}, {""meaning"": ""（人）に資格を与える；資格がある"", ""word"": ""qualify""}, {""meaning"": ""まずまずの；きちんとした；上品な"", ""word"": ""decent""}, {""meaning"": ""をもたらす；を（～に）譲る（to）；（～に）屈する（to）"", ""word"": ""yield""}, {""meaning"": ""を汚染する；を堕落させる"", ""word"": ""contaminate""}, {""meaning"": ""を評価する；を査定する"", ""word"": ""assess""}, {""meaning"": ""厳しい；（光・色・味などが）不快な"", ""word"": ""harsh""}, {""meaning"": ""（～への）信頼（in）；信仰（心）"", ""word"": ""faith""}, {""meaning"": ""衝動；刺激"", ""word"": ""impulse""}, {""meaning"": ""明らかに異なる；明瞭な"", ""word"": ""distinct""}, {""meaning"": ""（～を）熱望して（for）；熱心な"", ""word"": ""eager""}, {""meaning"": ""（人・動物・植物）を育てる（≒ raise）"", ""word"": ""rear""}, {""word"": ""inevitable"", ""meaning"": ""避けられない""}]",32
2026-07-14 14:04:49,6,5,all,[],28
2026-07-14 14:05:14,6,6,all,[],46
2026-07-14 14:05:37,4,6,all,"[{""meaning"": ""\""を刺す, 貫く, 突き通す, …に穴をあける\"""", ""word"": ""pierce""}, {""meaning"": ""賢明な；実用的な；顕著な"", ""word"": ""sensible""}]",63
2026-07-14 14:06:59,19,20,all,"[{""meaning"": ""突然の（≒ sudden）"", ""word"": ""abrupt""}]",125
2026-07-14 14:09:23,17,20,all,"[{""meaning"": ""（情報）を検索する；を取り戻す；を回復する"", ""word"": ""retrieve""}, {""meaning"": ""を暴く（⇔ conceal ⇒ 1116）；を 発掘する"", ""word"": ""uncover""}, {""meaning"": ""に詰め込む；詰め込み勉強をする"", ""word"": ""cram""}]",194
2026-07-14 14:11:41,17,20,all,"[{""meaning"": ""を代わりに使う；（～の）代理をする（for）"", ""word"": ""substitute""}, {""meaning"": ""企業，事業；企画；進取の気性"", ""word"": ""enterprise""}, {""meaning"": ""無謀な；（～を）顧みない（of）"", ""word"": ""reckless""}]",263
2026-07-14 14:13:11,20,20,all,[],336
2026-07-14 14:14:29,18,20,all,"[{""meaning"": ""に先行する；に優先する"", ""word"": ""precede""}, {""word"": ""utilize"", ""meaning"": ""を利用する（≒ make use of）""}]",397
2026-07-14 22:28:38,81,5,all,"[{""meaning"": ""誤った考え，誤信；錯誤"", ""word"": ""fallacy""}, {""meaning"": ""に興味を持たせる；陰謀を企てる"", ""word"": ""intrigue""}, {""meaning"": ""妊娠した；（～で）満ちている（with）"", ""word"": ""pregnant""}, {""meaning"": ""〔集合的に〕景色；背景"", ""word"": ""scenery""}, {""meaning"": ""〔通例～s〕資産；価値のあるもの；利点"", ""word"": ""asset""}, {""meaning"": ""痛い；腹が立って"", ""word"": ""sore""}, {""meaning"": ""織物、布（地）；構造"", ""word"": ""fabric""}, {""meaning"": ""跳ぶ；さっと動く；急上昇する"", ""word"": ""leap""}, {""meaning"": ""を統合［統一］する；統一される"", ""word"": ""unify""}, {""meaning"": ""【米】 郡；【英】州"", ""word"": ""county""}, {""meaning"": ""注目に値する；著名な"", ""word"": ""notable""}, {""meaning"": ""に栄養を与える；をはぐくむ"", ""word"": ""nourish""}, {""meaning"": ""同時に起こる；一致する"", ""word"": ""coincide""}, {""meaning"": ""卓越した；目立つ"", ""word"": ""prominent""}, {""meaning"": ""悲しみ"", ""word"": ""sorrow""}, {""meaning"": ""永続的な（⇔ temporary ⇒ 793）"", ""word"": ""permanent""}, {""meaning"": ""続く；固執する"", ""word"": ""persist""}, {""meaning"": ""を告訴する；（～を求めて）訴訟を起こす（for）"", ""word"": ""sue""}, {""meaning"": ""\""本物の（≒ authentic ⇒ 1580, real）；偽りのない\"""", ""word"": ""genuine""}, {""meaning"": ""を明確にする"", ""word"": ""clarify""}, {""meaning"": ""離婚；分離"", ""word"": ""divorce""}, {""meaning"": ""（を）思いつく；と想像する；（を）妊娠する"", ""word"": ""conceive""}, {""word"": ""component"", ""meaning"": ""構成要素；部品""}]",25
2026-07-14 22:40:24,96,104,all,"[{""meaning"": ""軽蔑；恥辱"", ""word"": ""contempt""}, {""meaning"": ""に値する"", ""word"": ""deserve""}, {""meaning"": ""補償する（≒ make up）；に償う"", ""word"": ""compensate""}, {""meaning"": ""溺死する；を水浸しにする"", ""word"": ""drown""}, {""meaning"": ""に備えつける"", ""word"": ""equip""}, {""meaning"": ""を構成する；を創作する；を鎮静する"", ""word"": ""compose""}, {""meaning"": ""窮状（＝ predicament）；（悪い）状態"", ""word"": ""plight""}, {""meaning"": ""中世の；時代遅れの"", ""word"": ""medieval""}]",434
2026-07-14 22:55:37,5,5,all,[],42
2026-07-14 22:56:04,4,5,all,"[{""meaning"": ""きょうだい（の1人）"", ""word"": ""sibling""}]",61
2026-07-14 22:56:25,4,5,all,"[{""word"": ""cultivate"", ""meaning"": ""を養う；を耕す；を栽培する""}]",75
2026-07-14 22:56:53,4,5,all,"[{""meaning"": ""突然の（≒ sudden）"", ""word"": ""abrupt""}]",98
2026-07-14 22:57:36,4,5,all,"[{""meaning"": ""を感動させる；に印象を与える"", ""word"": ""impress""}]",126
2026-07-14 22:57:57,4,5,all,"[{""meaning"": ""織物；繊維（産業）"", ""word"": ""textile""}]",142
2026-07-14 22:58:21,2,5,all,"[{""meaning"": ""中世の；時代遅れの"", ""word"": ""medieval""}, {""meaning"": ""（～の）例外（to）"", ""word"": ""exception""}, {""meaning"": ""（痛み・感情などが）激しい；（知覚などが）鋭い；急性の（⇔ chronic ⇒ 1198）"", ""word"": ""acute""}]",160
2026-07-14 22:59:02,5,5,all,[],189
2026-07-14 22:59:36,3,5,all,"[{""meaning"": ""に詰め込む；詰め込み勉強をする"", ""word"": ""cram""}, {""word"": ""qualify"", ""meaning"": ""（人）に資格を与える；資格がある""}]",217
2026-07-14 23:00:05,5,5,all,[],241
2026-07-15 11:03:28,54,5,all,"[{""meaning"": ""反応；宴会；受付；受信（状態）"", ""word"": ""reception""}, {""meaning"": ""を追い抜く；に追いつく（≒ catch up with）；（災難・強い感情などが）を襲う"", ""word"": ""overtake""}, {""meaning"": ""に取り組む；と（～のことで）話をつける（about / on）"", ""word"": ""tackle""}, {""meaning"": ""治療（法）；治療薬；解決法"", ""word"": ""remedy""}, {""meaning"": ""豊富な；（～に）富む（in）"", ""word"": ""abundant""}, {""meaning"": ""（を）告白する"", ""word"": ""confess""}, {""meaning"": ""出来事，事件；紛争"", ""word"": ""incident""}]",20
2026-07-18 00:22:37,66,5,all,"[{""meaning"": ""をびっくりさせる（≒ surprise）"", ""word"": ""startle""}, {""meaning"": ""無罪の（⇔guilty 有罪の）；無邪気な；無知の"", ""word"": ""innocent""}, {""meaning"": ""方法，解決策；公式"", ""word"": ""formula""}, {""meaning"": ""を決定する；を正確に知る"", ""word"": ""determine""}, {""meaning"": ""（世に）知られていない；不明瞭な"", ""word"": ""obscure""}, {""meaning"": ""を公表する，暴く"", ""word"": ""disclose""}, {""meaning"": ""を（...する）気にさせる（to do）；を引きつける"", ""word"": ""tempt""}, {""meaning"": ""大まかな；粗野な；未精製の"", ""word"": ""crude""}, {""meaning"": ""に先行する；に優先する"", ""word"": ""precede""}, {""meaning"": ""総意；（意見の）一致"", ""word"": ""consensus""}, {""meaning"": ""神の；神にささげる"", ""word"": ""divine""}, {""meaning"": ""をひどく恐れる"", ""word"": ""dread""}, {""meaning"": ""正確な；精密な"", ""word"": ""accurate""}, {""meaning"": ""を宣言する；を申告する"", ""word"": ""declare""}, {""meaning"": ""爆発する；急増する；を論破する"", ""word"": ""explode""}, {""meaning"": ""（英国などの）議会；国会議員（団）"", ""word"": ""parliament""}, {""meaning"": ""（無人）宇宙探査機；（～の）精査（into）；探り針"", ""word"": ""probe""}, {""meaning"": ""（～と）会話をする（with）"", ""word"": ""converse""}, {""meaning"": ""に気づく；を知覚する；を理解する"", ""word"": ""perceive""}, {""meaning"": ""（情報）を検索する；を取り戻す；を回復する"", ""word"": ""retrieve""}, {""meaning"": ""を利用する（≒ make use of）"", ""word"": ""utilize""}, {""meaning"": ""（人・動物・植物）を育てる（≒ raise）"", ""word"": ""rear""}, {""meaning"": ""明らかに異なる；明瞭な"", ""word"": ""distinct""}, {""meaning"": ""を統合［統一］する；統一される"", ""word"": ""unify""}, {""meaning"": ""同時に起こる；一致する"", ""word"": ""coincide""}, {""meaning"": ""続く；固執する"", ""word"": ""persist""}, {""meaning"": ""を告訴する；（～を求めて）訴訟を起こす（for）"", ""word"": ""sue""}, {""meaning"": ""地区；行政区"", ""word"": ""district""}, {""meaning"": ""（を）告白する"", ""word"": ""confess""}, {""meaning"": ""見込み；〔～s〕（未来への）展望；有望な人"", ""word"": ""prospect""}, {""meaning"": ""（光・熱など）を出す，排出する；（信号）を送る"", ""word"": ""emit""}, {""meaning"": ""（痛み・感情などが）激しい；（知覚などが）鋭い；急性の（⇔ chronic ⇒ 1198）"", ""word"": ""acute""}, {""meaning"": ""勝利；勝利の喜び；偉業"", ""word"": ""triumph""}, {""meaning"": ""（～に）懐疑的な（of ⇒ about）"", ""word"": ""skeptical""}, {""meaning"": ""しがみつく；くっつく"", ""word"": ""cling""}]",21
2026-07-18 01:29:55,91,101,all,"[{""meaning"": ""を及ぼす；（力など）を行使する"", ""word"": ""exert""}, {""meaning"": ""を疲れ果てさせる；を使い尽くす；排気する"", ""word"": ""exhaust""}, {""meaning"": ""（の）ふりをする"", ""word"": ""pretend""}, {""meaning"": ""原産の，先住の；（その土地に）固有の"", ""word"": ""indigenous""}, {""meaning"": ""を課す；を押しつける"", ""word"": ""impose""}, {""meaning"": ""飢饉；（食糧・物資の）ひどい不足"", ""word"": ""famine""}, {""meaning"": ""を安心させる"", ""word"": ""reassure""}, {""meaning"": ""絶滅した；廃止された"", ""word"": ""extinct""}, {""meaning"": ""頼る（≒ depend ⇒ 36）"", ""word"": ""rely""}, {""meaning"": ""を調査する；を究明する；（～を）調査する（into）"", ""word"": ""investigate""}]",448
2026-07-18 02:36:32,9,10,all,"[{""meaning"": ""をだます（≒ take in）"", ""word"": ""deceive""}]",30
2026-07-18 02:37:20,8,10,all,"[{""meaning"": ""（を）降りる（⇔ ascend ⇒ 1839）；受け継がれる"", ""word"": ""descend""}, {""word"": ""defect"", ""meaning"": ""欠陥；不足""}]",68
2026-07-18 02:38:19,8,10,all,"[{""meaning"": ""悲観的な（⇔ optimistic ⇒ 882）"", ""word"": ""pessimistic""}, {""meaning"": ""見込み；〔～s〕（未来への）展望；有望な人"", ""word"": ""prospect""}]",118
2026-07-18 02:39:10,9,10,all,"[{""meaning"": ""生まれながらの；固有の"", ""word"": ""innate""}]",158
2026-07-18 02:43:25,27,30,all,"[{""meaning"": ""鋳型；鋳物；性格；かび"", ""word"": ""mold""}, {""meaning"": ""聖職者"", ""word"": ""priest""}, {""meaning"": ""絶滅した；廃止された"", ""word"": ""extinct""}]",336
2026-07-18 02:46:58,25,30,all,"[{""meaning"": ""突然の（≒ sudden）"", ""word"": ""abrupt""}, {""meaning"": ""衝突；対立"", ""word"": ""collision""}, {""meaning"": ""ささいな，取るに足りない"", ""word"": ""trivial""}, {""meaning"": ""（英国などの）議会；国会議員（団）"", ""word"": ""parliament""}, {""meaning"": ""（を）思いつく；と想像する；（を）妊娠する"", ""word"": ""conceive""}]",515
2026-07-18 02:51:25,25,30,all,"[{""meaning"": ""領域；球体；天体"", ""word"": ""sphere""}, {""meaning"": ""〔集合的に〕景色；背景"", ""word"": ""scenery""}, {""meaning"": ""表面的な"", ""word"": ""superficial""}, {""meaning"": ""（を）操縦する；を（～へ）向ける（to）"", ""word"": ""steer""}, {""meaning"": ""（を）操縦する；を（～へ）向ける（to）"", ""word"": ""steer""}]",712
2026-07-18 02:53:47,8,10,all,"[{""meaning"": ""と思う；と推定する；を前提とする"", ""word"": ""presume""}, {""meaning"": ""誤った考え，誤信；錯誤"", ""word"": ""fallacy""}]",789
2026-07-18 02:54:39,9,10,all,"[{""meaning"": ""を非難する；〔受身形で〕（～の刑を）宣告される（to）"", ""word"": ""condemn""}]",830
2026-07-18 02:55:41,8,10,all,"[{""meaning"": ""を蓄積する，集める；積もる"", ""word"": ""accumulate""}, {""meaning"": ""を任命する；（日時・場所など）を指定する"", ""word"": ""appoint""}]",881
2026-07-18 02:56:43,10,10,all,[],935
2026-07-18 03:04:55,17,20,all,"[{""meaning"": ""を分類する；を機密扱いにする"", ""word"": ""classify""}, {""meaning"": ""進む，進行する；（～を）続行する（with）"", ""word"": ""proceed""}, {""meaning"": ""説明；勘定；口座"", ""word"": ""account""}]",1060
2026-07-18 03:07:45,16,20,all,"[{""meaning"": ""賛成する；を承認する"", ""word"": ""approve""}, {""meaning"": ""努力する；争う"", ""word"": ""strive""}, {""meaning"": ""を侮辱する（≒ affront）"", ""word"": ""insult""}, {""word"": ""review"", ""meaning"": ""（書物などの）論評；再調査；【米】復習""}]",1209
2026-07-19 13:20:58,9,10,all,"[{""meaning"": ""に耐える（≒ put up with）；（に）持ちこたえる"", ""word"": ""endure""}]",35
2026-07-19 13:22:02,10,10,all,[],83
2026-07-19 13:24:05,27,30,all,"[{""meaning"": ""強欲"", ""word"": ""greed""}, {""meaning"": ""に恩恵を与える；に感謝する"", ""word"": ""bless""}, {""meaning"": ""を超える；に勝る"", ""word"": ""exceed""}]",178
2026-07-19 13:26:47,25,30,all,"[{""meaning"": ""感染（症）"", ""word"": ""infection""}, {""meaning"": ""優美，優雅；分別；（神の）恩寵"", ""word"": ""grace""}, {""meaning"": ""を変える；を改宗［転向］させる；を交換する"", ""word"": ""convert""}, {""meaning"": ""を廃止する（≒ do away with）"", ""word"": ""abolish""}, {""word"": ""quote"", ""meaning"": ""を引用する；を引き合いに出す""}]",300
2026-07-19 13:29:27,27,30,all,"[{""meaning"": ""衛生（状態）；健康法"", ""word"": ""hygiene""}, {""meaning"": ""（動産・不動産などの）財産；私有地"", ""word"": ""estate""}, {""meaning"": ""永続的な（⇔ temporary ⇒ 793）"", ""word"": ""permanent""}]",428
2026-07-19 13:53:37,27,30,all,"[{""meaning"": ""を復活させる；復活する"", ""word"": ""revive""}, {""meaning"": ""徹底的な，抜本的な；極端な"", ""word"": ""drastic""}, {""meaning"": ""賛成する；を承認する"", ""word"": ""approve""}]",557
2026-07-19 14:16:11,26,30,all,"[{""meaning"": ""を建てる；を直立させる"", ""word"": ""erect""}, {""meaning"": ""肥満した"", ""word"": ""obese""}, {""meaning"": ""に備えつける"", ""word"": ""equip""}, {""word"": ""incentive"", ""meaning"": ""動機（づけ）；報奨金""}]",679
2026-07-23 15:14:50,8,10,all,"[{""meaning"": ""繁栄する; 成長する"", ""word"": ""prosper""}, {""word"": ""engage"", ""meaning"": ""を従事させる；を（～として）雇う（as）；（～に）従事する（in / with）""}]",129
2026-07-23 16:10:18,10,10,all,[],37
2026-07-23 16:11:00,9,10,all,"[{""meaning"": ""浅い（⇔deep 深い）；浅薄な"", ""word"": ""shallow""}]",68
2026-07-23 16:11:54,9,10,all,"[{""meaning"": ""を調べる；を診察する；を尋問する"", ""word"": ""examine""}]",112
2026-07-23 17:57:03,28,30,all,"[{""meaning"": ""と矛盾する；に反対意見を言う"", ""word"": ""contradict""}, {""meaning"": ""急上昇する；空高く飛ぶ"", ""word"": ""soar""}]",114
2026-07-23 18:00:04,28,30,all,"[{""meaning"": ""を引き合いに出す；を引用する"", ""word"": ""cite""}, {""meaning"": ""脅威；（悪い）兆し；脅迫"", ""word"": ""threat""}]",265
2026-07-23 18:02:38,29,30,all,"[{""word"": ""owe"", ""meaning"": ""に借りがある；のおかげである""}]",380
2026-07-23 18:05:38,26,30,all,"[{""meaning"": ""まずまずの；きちんとした；上品な"", ""word"": ""decent""}, {""meaning"": ""崩壊する；（人が）倒れる；を折り畳む"", ""word"": ""collapse""}, {""meaning"": ""本物の；信頼できる"", ""word"": ""authentic""}, {""meaning"": ""に自信を持って言う；を保証する"", ""word"": ""assure""}]",533
2026-07-23 18:08:55,29,30,all,"[{""meaning"": ""残念なこと；哀れみ"", ""word"": ""pity""}]",688
2026-07-23 18:17:53,27,30,all,"[{""meaning"": ""（日本の）県，府；（フランスなどの）県"", ""word"": ""prefecture""}, {""meaning"": ""（痛み・感情などが）激しい；（知覚などが）鋭い；急性の（⇔ chronic ⇒ 1198）"", ""word"": ""acute""}, {""meaning"": ""壮大な；見事な"", ""word"": ""magnificent""}]",165
2026-07-23 18:22:33,30,30,all,[],414
2026-07-23 19:53:32,29,30,all,"[{""meaning"": ""名声；〔形容詞的に〕名声のある"", ""word"": ""prestige""}]",385
2026-07-23 19:55:30,29,30,all,"[{""meaning"": ""期限が切れる"", ""word"": ""expire""}]",474
2026-07-23 23:03:55,26,30,all,"[{""meaning"": ""かすかな；めまいがする；弱々しい"", ""word"": ""faint""}, {""meaning"": ""（を）操縦する；を（～へ）向ける（to）"", ""word"": ""steer""}, {""meaning"": ""を取り戻す"", ""word"": ""regain""}, {""meaning"": ""厳しい；いかめしい"", ""word"": ""stern""}]",106
2026-07-23 23:04:41,10,10,all,[],135
2026-07-24 00:11:36,29,30,all,"[{""meaning"": ""潮（の干満）；動向"", ""word"": ""tide""}]",150
2026-07-24 00:14:27,29,30,all,"[{""meaning"": ""戦闘；対立"", ""word"": ""combat""}]",298
2026-07-24 00:17:19,27,30,all,"[{""meaning"": ""純然たる，真の；すごい；（布が）薄地の"", ""word"": ""sheer""}, {""meaning"": ""を引き合いに出す；を引用する"", ""word"": ""cite""}, {""meaning"": ""を主張する"", ""word"": ""allege""}]",444
2026-07-24 00:21:13,28,30,all,"[{""meaning"": ""歩き回る；それる；はぐれる"", ""word"": ""wander""}, {""meaning"": ""（～の）例外（to）"", ""word"": ""exception""}]",657
2026-07-24 00:26:50,28,30,all,"[{""meaning"": ""異様な（≒ bizarre），奇妙な"", ""word"": ""weird""}, {""meaning"": ""悲劇（的な事態）（⇔ comedy 喜劇）"", ""word"": ""tragedy""}]",957
2026-07-24 02:40:39,18,20,all,"[{""meaning"": ""〔通例～s〕状況，事情；境遇"", ""word"": ""circumstance""}, {""meaning"": ""（世に）知られていない；不明瞭な"", ""word"": ""obscure""}]",107
2026-07-24 02:43:05,27,30,all,"[{""meaning"": ""薄暗い；ぼんやりした"", ""word"": ""dim""}, {""meaning"": ""親密な；密接な"", ""word"": ""intimate""}, {""meaning"": ""もっともらしい"", ""word"": ""plausible""}]",228
2026-07-24 02:45:58,28,30,all,"[{""meaning"": ""を押しつける；を突き刺す；押し進む"", ""word"": ""thrust""}, {""meaning"": ""を割り当てる；を（～に）配属する（to）"", ""word"": ""assign""}]",374
2026-07-24 02:51:28,28,30,all,"[{""meaning"": ""最高の"", ""word"": ""supreme""}, {""meaning"": ""を評価する；を査定する"", ""word"": ""assess""}]",587
2026-07-24 02:55:30,27,30,all,"[{""meaning"": ""を表す，述べる"", ""word"": ""express""}, {""meaning"": ""急進的な；根本的な"", ""word"": ""radical""}, {""meaning"": ""（情報）を検索する；を取り戻す；を回復する"", ""word"": ""retrieve""}]",797
2026-07-24 12:07:05,10,10,all,[],47
2026-07-24 12:33:20,27,30,all,"[{""meaning"": ""勝利；勝利の喜び；偉業"", ""word"": ""triumph""}, {""meaning"": ""戦闘；対立"", ""word"": ""combat""}, {""meaning"": ""歩き回る；それる；はぐれる"", ""word"": ""wander""}]",115
2026-07-25 23:01:15,5,5,all,[],28
2026-07-26 13:02:53,7,5,all,"[{""meaning"": ""尊厳；威厳"", ""word"": ""dignity""}]",22
2026-07-26 13:04:55,28,30,all,"[{""meaning"": ""を思い出す；を呼び戻す"", ""word"": ""recall""}, {""meaning"": ""を拒否する"", ""word"": ""reject""}]",111
2026-07-26 22:20:36,7,5,all,"[{""meaning"": ""（を）追跡する；（を）追求する"", ""word"": ""chase""}]",28
2026-07-27 06:59:54,15,5,all,"[{""meaning"": ""を廃止する（≒ do away with）"", ""word"": ""abolish""}, {""meaning"": ""見込み；〔～s〕（未来への）展望；有望な人"", ""word"": ""prospect""}]",17
2026-07-27 07:01:14,17,17,all,[],76
2026-07-27 07:04:25,15,17,all,"[{""meaning"": ""〔commit oneselfまたは受身形で〕献身する；（罪など）を犯す；を投入する"", ""word"": ""commit""}, {""meaning"": ""をかき乱す；を妨害する；を動揺させる"", ""word"": ""disturb""}]",135
2026-08-04 23:44:37,9,10,all,"[{""word"": ""lend"", ""meaning"": ""を貸す（⇔ borrow を借りる）；（人）に（助言・援助など）を与える""}]",77
