word,meaning,last_time,interval
rough,粗い；大まかな；乱暴な,1785786306.2531466,0
bug,病原菌（が起こす病気）；虫；盗聴器；（機械・プログラムの）欠陥,1785776798.8842194,128
commit,〔commit oneselfまたは受身形で〕献身する；（罪など）を犯す；を投入する,1785785780.924809,2
ruin,をだめにする；を破滅させる；破滅する,1785784444.309247,8
favor,に賛成する；を好む；をひいきする,1785776802.9339995,128
relax,くつろぐ；緩む；をくつろがせる；を緩める,1785778208.4439797,64
linguistic,言語の，言語学の,1785778211.4889112,64
loan,貸付金，融資；貸すこと,1785776806.3585782,128
bear,に耐える（≒ endure ⇒ 824）；を負う；を産む；を（心に）抱く,1785776810.9264472,128
physician,【主に米】 医師（≒ doctor）；内科医,1785778215.305101,64
recall,を思い出す；を呼び戻す,1785785783.8303797,2
literary,文学の；文語の（⇔ colloquial 口語体の）,1785776813.7701852,128
typical,典型的な；（～に）特有の（of）,1785776816.7278397,128
replace,に取って代わる；を取り替える,1785776820.7498343,128
welfare,福祉，幸福,1785776129.9362981,256
overall,総合的な；全体的な,1785778220.6475532,64
erupt,（火山が）噴火する；勃発する,1785778225.6955967,64
reform,を改革する；を改心させる,1785776824.8593297,128
economy,経済（状態）；経済圏；節約,1785776837.8624058,128
flow,流れる；（～から）生じる（from）,1785778229.88246,64
ecology,生態学；生態系；環境保護,1785776132.7329693,256
condemn,を非難する；〔受身形で〕（～の刑を）宣告される（to）,1785782395.715622,16
witness,目撃者（≒ eyewitness）；証人；証拠，証言,1785776841.9411883,128
symmetry,（左右）対称（⇔ asymmetry 非対称）；調和,1785776846.0210402,128
depend,頼る；～次第である,1785778233.5156834,64
patient,忍耐強い；勤勉な,1785776851.4874184,128
prairie,大草原,1785780504.4342802,32
instrument,器具；楽器（≒ musical instrument）,1785775877.8233366,512
emerge,現れる；明らかになる；台頭する,1785775769.080586,1024
distract,（注意など）をそらす,1785778251.5869312,64
protest,（に）抗議する；を主張する,1785776855.744577,128
grief,深い悲しみ,1785776136.139014,256
reflect,を反映する；（を）反射する；（を）熟考する,1785776142.597935,256
commerce,商業；貿易,1785780510.1450238,32
gaze,じっと見る,1785778256.833243,64
mean,を意味する；（...する）つもりである（to do）,1785778260.5700257,64
thorough,徹底的な；まったくの,1785784449.7759595,8
victim,犠牲（者），被害者,1785776859.2474716,128
steep,（傾斜が）急な；急激な；法外な,1785782404.81115,16
derive,由来する；を引き出す；を推論する,1785776863.4470975,128
devote,をささげる,1785776146.683755,256
indifferent,無関心な（≒uninterested）,1785778265.7654626,64
suggest,を提案する；を暗示する,1785776152.073853,256
active,積極的な；活動的な；効力のある,1785778269.7800481,64
intake,摂取量；受け入れ数；取り入れること,1785776866.796468,128
incentive,動機（づけ）；報奨金,1785785787.5378582,2
disgust,をむかつかせる；に愛想を尽かせる,1785784454.6957335,8
punish,を罰する；に損傷を与える,1785928222.0257328,2
pesticide,殺虫剤；除草剤（≒herbicide）,1785928230.291254,1
ethnic,民族の，人種の；民族特有の,1785778282.6984723,64
tremendous,途方もない、莫大な；すばらしい,1785778289.2983925,64
chew,（を）かむ；をかみ砕く,1785775697.0100718,2048
exclude,を除外する（⇔include を含む）,1785778293.2959569,64
textile,織物；繊維（産業）,1785782407.8990285,16
advantage,利点；優勢；有利,1785776870.801406,128
consequence,〔通例～s〕結果；重大性,1785776160.9941854,256
artistic,芸術的な,1785776875.1383357,128
plain,明らかな；平易な；飾りのない；率直な,1785782412.5572102,16
privilege,特権，特典,1785784467.3914785,8
outbreak,発生，勃発,1785778300.6420143,64
display,を示す；を発揮する；を展示［陳列］する,1785778304.5995064,64
appetite,食欲；欲求,1785780514.4185123,32
excess,過剰，超過,1785776164.4154441,256
fluid,流動体，液体,1785778308.1882706,64
architecture,建築；建築様式；構造,1785778315.2372925,64
religion,宗教；信条；信仰（心）,1785775882.191456,512
embarrass,に恥ずかしい思いをさせる,1785776879.1877587,128
enthusiasm,（～への）熱情，熱意（for）,1785784473.4898908,8
presence,存在；出席；面前,1785782417.394068,16
certificate,証明書；免許状,1785784478.6967418,8
optimistic,楽観的な（⇔ pessimistic ⇒ 1593）,1785780520.1147835,32
analogy,類推；類似,1785782423.3059623,16
resident,居住者；滞在者,1785778318.7627864,64
confirm,を確認する；を裏づける,1785780523.9221466,32
blank,空白の；無表情な；がらんとした,1785776168.9327586,256
stem,（草木の）茎，幹,1785778331.5173073,64
interfere,干渉する，介入する；邪魔する,1785776174.3381445,256
foster,をはぐくむ；を養育する；を心に抱く,1785928242.4786577,2
define,を定義する；を明確にする,1785775662.950986,4096
pedestrian,歩行者,1785782429.4705184,16
perish,"""非業の死を遂げる, 惨死する""",1785784481.8347516,8
strict,（規則などが）厳しい；厳格な,1785776882.3458202,128
accidental,偶然の；過失による,1785778338.0943902,64
realm,領域；領土,1785776178.997089,256
discipline,規律，しつけ；訓練；懲戒；学問分野,1785778345.1872723,64
swing,を揺らす，振る；揺れる；（行動に）さっと移る,1785778349.2501655,64
eternal,永遠の；不変の,1785775895.9018145,512
examine,を調べる；を診察する；を尋問する,1785784491.2776165,8
domestic,家庭の；国内の；（動物が）飼いならされた,1785776182.178932,256
famine,飢饉；（食糧・物資の）ひどい不足,1785928251.5413394,2
surround,を取り巻く；にまつわる,1785778353.5609407,64
locate,〔受身形で〕位置する；の位置を探し当てる,1785776186.0168653,256
infer,を推論する，推測する,1785782434.1725295,16
protein,たんぱく質,1785776885.5774949,128
astonish,を驚かす,1785778359.4964426,64
recruit,を募る；に人を補充する,1785776190.1427262,256
insist,（を）強く主張する；要求する,1785778363.8277814,64
imitate,をまねる；を模造する,1785780531.875423,32
matter,事柄；問題；〔～s〕事態；〔the ～〕困難；物質,1785775899.3295674,512
external,外部の（⇔ internal ⇒ 680）；対外的な,1785778369.7516713,64
recover,回復する；を取り戻す,1785775778.0754294,1024
penetrate,（に）浸透する；（に）進出する；（を）貫く；（を）見抜く,1785782455.2379634,16
vertical,垂直の（⇔ horizontal 水平な）；縦方向の,1785776890.133215,128
execute,を実行する；を処刑する,1785778378.418468,64
sensitive,敏感な；神経質な；微妙な,1785778387.1580513,64
flee,（から）逃げる,1785776894.921557,128
expire,期限が切れる,1785784501.6396132,8
strip,を［から］取り去る；を裸にする,1785775668.5981667,4096
dispute,に異議を唱える；（を）議論する,1785780537.970683,32
renew,を更する；（資源）を再生する,1785775784.1800897,1024
specimen,標本；実例,1785780542.47624,32
advance,を進歩させる；を進める；進歩する；進む,1785776899.4153948,128
grasp,を把握［理解］する；をしっかり握る,1785775795.2862086,1024
monk,修道士，僧（⇔ nun 修道女，尼）,1785778394.2528396,64
myth,作り話；神話,1785776193.372945,256
sprawl,（都市などが）不規則に広がる；だらしなく手足を伸ばす,1785778398.405756,64
wealth,富；資源；富裕,1785778400.9786077,64
disregard,を無視する；を軽視する,1785778407.8022301,64
institution,機関；協会；施設；制度,1785928256.566711,2
recipient,受け取る人；（臓器などの）被提供者,1785776903.82613,128
usage,（使）用法；語法；習慣,1785785446.1813524,4
crucial,重要な,1785776911.4132733,128
scarce,乏しい；珍しい,1785780554.9174798,32
strive,努力する；争う,1785782472.8130178,16
destroy,を破壊する；（人）を破滅させる,1785776196.3616846,256
fascinate,を魅了する,1785782475.773285,16
nurture,をはぐくむ；を養成する,1785776922.7365968,128
allow,を許す；を与える；（～を）考慮に入れる（for）,1785776926.0210927,128
credit,（功績など）を（～に）帰する（to）；を信じる,1785776930.3179612,128
establish,を確立する；を設立する,1785778433.3846238,64
deposit,を置く；を預ける；を堆積させる,1785785450.1632133,4
deforestation,森林伐採,1785782482.4894083,16
congress,（米国などの）議会；会議,1785780558.8692982,32
shed,を捨て去る；（光など）を放つ；（涙・血）を流す,1785854655.842803,512
guarantee,を保証する,1785778439.1350358,64
resign,（を）辞任する；を放棄する,1785776204.9491935,256
geometry,幾何学,1785778646.0667622,64
thread,糸；（議論などの）筋道,1785778684.6855824,64
scratch,を引っかく；を取り消す，削除する,1785776935.1934545,128
obtain,を得る,1785775903.6512396,512
assert,を主張する,1785778689.8207502,64
limb,手足,1785776207.5334628,256
resource,〔通例～s〕資源；〔通例～s〕資金；才覚,1785775907.6951053,512
rage,激怒；猛威,1785778693.8470225,64
fertile,肥沃な（⇔ barren 不毛の）；多産の,1785784506.1109273,8
import,を輸入する（⇔ export （を）輸出する）；を取り込む,1785775702.4191134,2048
contain,を含む；を収容する；（感情など）を抑える,1785776940.2165194,128
endure,に耐える（≒ put up with）；（に）持ちこたえる,1785784509.9136338,8
motive,動機,1785776944.0100307,128
assign,を割り当てる；を（～に）配属する（to）,1785785792.3818617,2
startle,をびっくりさせる（≒ surprise）,1785784517.685257,8
hate,をひどく嫌う；を残念に思う,1785778697.1351542,64
apologize,（～に；～のことで）謝る（to；for）；弁明する,1785776210.42473,256
fiber,繊維（質）；本質；精神力,1785778701.019031,64
trace,（足跡・起源など）をたどる；を捜し出す,1785778707.4822602,64
particular,特定の；特別の；（～について）やかましい（about）,1785776949.6097493,128
transport,を輸送する；を運ぶ,1785776954.292793,128
associate,を結び付けて考える；（～と）交際する（with）,1785775913.7097423,512
stimulate,を刺激する,1785780567.7655857,32
furious,激怒した；猛烈な,1785780574.6104558,32
principle,原則，原理；主義，信条,1785778710.4725323,64
innocent,無罪の（⇔guilty 有罪の）；無邪気な；無知の,1785854615.2221437,2
complete,を完成させる，仕上げる,1785776214.3380554,256
drift,漂う；さまよう；を押し流す,1785778715.7323716,64
encourage,を奨励する；を励ます（⇔ discourage ⇒ 706）,1785775917.8378546,512
rumor,うわさ,1785776960.5769792,128
norm,規範；標準,1785854659.3297925,128
adolescent,青年；青年期の,1785784522.9831307,8
likewise,同様に（≒ in the same way）,1785776218.2485077,256
sight,光景；〔the ～s〕名所；見（え）ること；視野；視力,1785778722.0907066,64
insight,見識，理解（力）；洞察力,1785778726.9769976,64
monotonous,単調な,1785776222.0292976,256
questionnaire,アンケート,1785776224.6265132,256
abstract,抽象的な（⇔ concrete ⇒ 783）,1785775921.175724,512
submit,を提出する；〔submit oneselfで〕（～に）従う（to）,1785775925.3004274,512
consume,を消費する；を食べる，飲む,1785776964.9627318,128
interact,影響し合う；相互に作用する,1785776969.2500427,128
chronic,慢性の（⇔ acute ⇒ 1486）；長引く；常習の,1785782498.3168135,16
inherent,生来の，本来的に備わっている,1785776977.1068447,128
leak,漏れる；を漏らす,1785780578.525298,32
legal,法律の；合法の（⇔ illegal 違法の）,1785776227.7183535,256
manual,体［手］を使う；手の；手動式の,1785776981.6748798,128
versus,〔A ～ Bで〕A対B；AかBか,1785778730.5745249,64
retail,小売り（⇔ wholesale 卸売り）,1785780582.6524303,32
prejudice,（～に対する）偏見（against）（≒ bias）,1785780588.8310897,32
distinguish,を区別する,1785775798.2298625,1024
pray,（を）祈る,1785776230.5354817,256
worsen,を悪化させる；悪化する（≒ deteriorate）,1785776233.9385395,256
compete,競う；〔通例否定文で〕（～に）匹敵する（with）,1785776237.844566,256
region,地域；領域；部位,1785776985.6746147,128
probable,十分にありそうな,1785775937.4166052,512
uncover,を暴く（⇔ conceal ⇒ 1116）；を 発掘する,1785784528.812492,8
fate,運命；結末；最期,1785775677.038785,4096
construct,を建設する（＝ build）；を構成する,1785778740.5746145,64
candidate,（～の）候補（者）（for）；志願者,1785776990.8964648,128
neutral,中立の；（特徴・表情などが）はっきりしない,1785775942.3564181,512
capture,をとらえる；をとりこにする,1785777020.226911,128
bite,"""をかむ, …にかみつく, …をかみちぎる""",1785778743.058738,64
vessel,船舶；容器；（体液が通る）脈管,1785782503.254529,16
recession,不況；後退,1785784533.7650642,8
inspire,（人）を奮起させる；を喚起する,1785775946.1362236,512
significant,重要な，重大な；意義深い,1785778747.3508503,64
virtue,美徳（⇔vice 悪）；長所；効能,1785775949.0675254,512
solitude,ひとりでいること；孤独,1785782508.569709,16
compel,に強いる,1785775958.478364,512
enroll,登録する，入会する；を登録させる,1785778752.732367,64
advertise,を宣伝する；（～を求める）広告を出す（for）,1785777024.815927,128
various,さまざまな；いくつかの,1785777029.1999836,128
despite,～にもかかわらず（≒ in spite of）,1785780593.6977887,32
ancestor,祖先（⇔ descendant 子孫）；原型,1785777043.614766,128
neighborhood,地域；近所,1785776241.7329886,256
crush,を押しつぶす；を弾圧する；を絞り出す,1785778755.7423286,64
zealous,熱心な；熱狂的な,1785778759.4664338,64
delicate,繊細な；扱いにくい；もろい,1785777048.2055345,128
mutation,突然変異（体）；変化,1785780599.3642108,32
inspect,を点検する；を視察する,1785780612.6198685,32
plausible,もっともらしい,1785928264.192143,1
luxury,ぜいたく（品）；〔形容詞的に〕豪華な,1785778766.0669398,64
account,説明；勘定；口座,1785784537.162825,8
prevent,を妨げる；を防ぐ,1785777065.5092387,128
bill,請求書；【英】勘定書（≒ 【米】check）；法案,1785775707.7995958,2048
assure,に自信を持って言う；を保証する,1785784541.2877004,8
frontier,〔通例the ～s〕最先端；〔the ～〕 【米】辺境地；国境,1785778770.396957,64
survive,を切り抜けて生き残る；より長生きする；生き延びる,1785778780.916114,64
independent,（～から）独立した（of / from）,1785776246.375914,256
encounter,に遭遇する；に（思いがけず）出会う,1785776251.0002024,256
monument,記念碑，遺跡；金字塔,1785778785.1945558,64
disrupt,を混乱させる；を分裂させる,1785780618.3536873,32
transplant,を移植する；を移住させる,1785775993.0610094,512
ensure,を確実にする（≒ make sure）；を守る,1785775684.538372,4096
conclude,と結論づける；を締めくくる；を締結する,1785776007.0876856,512
complex,複雑な；複合（体）の,1785776254.4425945,256
implement,を実行［実施］する,1785782512.2776737,16
aggressive,攻撃的な；意欲的な,1785778788.9753413,64
orphan,孤児,1785782516.5425384,16
theft,窃盗（罪）,1785928266.9931219,2
thesis,論文；命題，テーゼ,1785777068.429165,128
cultivate,を養う；を耕す；を栽培する,1785782524.0013492,16
superstition,迷信,1785780625.9577963,32
deceive,をだます（≒ take in）,1785784546.4332259,8
postpone,を延期する（≒ put off）,1785778793.2787352,64
mere,単なる，ほんの,1785785808.620369,2
polish,を磨く；を洗練させる,1785928270.693808,2
sustain,を持続させる；を支える,1785776257.3143072,256
halt,を止める；止まる,1785782527.986295,16
illusion,錯覚，思い違い；幻想,1785778797.382341,64
register,を記録する，登録する；（～に）登録する（for）,1785928275.3174691,2
ample,十分すぎるほどの；広い,1785778801.117013,64
perpetual,永続的な；ひっきりなしの,1785782537.4344983,16
rural,田舎の（⇔ urban ⇒ 299），田園の,1785778806.525434,64
stretch,を伸ばす；を広げる；伸びる；及ぶ,1785777072.392058,128
bitter,苦い，つらい；辛辣な；怒りっぽい,1785778809.436954,64
mineral,鉱物；ミネラル,1785776260.6781306,256
graduate,卒業する; 学士号を取る,1785776264.9206498,256
flock,群がる，集まる,1785784565.4457629,8
vivid,鮮やかな；生き生きとした,1785777075.6565254,128
narrative,物語、話；（小説の）叙述部分、地の文,1785782543.0177932,16
revolution,革命；回転；（天体の）公転（⇔ rotation 自転）,1785777080.4703307,128
reconcile,を（～と）一致させる（with）；を和解させる,1785780635.5032804,32
regulate,を規制する；を調整する,1785778816.7690625,64
headline,（聞などの）見出し,1785777084.0705528,128
vain,無駄な；うぬぼれた,1785785814.2340407,2
actual,実際の，現実の,1785777087.6888485,128
invade,を侵略する；を侵害する；（場所）に殺到する,1785778824.937409,64
accelerate,を加速させる，促進する；加速する,1785777106.4218276,128
biological,生物学（上）の,1785777113.8235085,128
evil,邪悪な；有害な,1785776267.4805443,256
cereal,〔通例～s〕穀物；シリアル（穀物加工食品）,1785777120.0441484,128
notion,概念，観念；見解；意向,1785778839.2478683,64
vacuum,真空；空虚,1785778850.4910135,64
basin,流域；盆地，海盆；洗面器［台］,1785778866.4475257,64
reproduce,を複製する；を繁殖させる；繁殖する,1785775804.5098338,1024
lend,を貸す（⇔ borrow を借りる）；（人）に（助言・援助など）を与える,1785854677.7023067,1
modify,を修正する；を緩和する,1785775713.0380478,2048
connect,をつなぐ；を関連づける,1785778871.0715814,64
theory,学説；理論；原理；推測,1785777127.4049737,128
carriage,馬車；車両（＝ 【米】car）；立ち居振舞い；【英】輸送,1785778879.481639,64
radiation,放射能，放射線,1785777131.8497088,128
specialize,専門とする；【英】（～を）専攻する（in）（≒ 【米】major）,1785778886.5364377,64
hesitate,躊躇する，ためらう,1785778893.259143,64
disaster,災害；惨事,1785777136.6317563,128
classify,を分類する；を機密扱いにする,1785784570.1253667,8
diplomacy,外交（的手腕）,1785778900.4163282,64
repair,を修理する（≒ fix）；を修復する,1785776010.7254415,512
enormous,莫大な，巨大な,1785928278.4528966,2
grind,（穀物など）をひく,1785777140.1484601,128
misunderstand,（を）誤解する,1785778906.673114,64
pronounce,を発音する；を宣言する,1785776279.020054,256
extend,を伸［延］ばす；伸びる；及ぶ,1785775716.8726866,2048
isolate,を孤立させる,1785777147.2075229,128
advent,〔the ～〕出現，到来,1785928282.6241739,2
conform,順応する；一致する,1785780642.016084,32
certain,確信して；確かな；ある；一定の,1785777152.7723086,128
possible,可能な；可能性のある,1785778911.3595655,64
explore,（を）調査［探究］する；（を）探検［探査］する,1785777159.8579938,128
swallow,（を）飲み込む；をうのみにする；に耐える,1785778936.2434618,64
expose,をさらす；を暴露する；を露出する,1785778944.317322,64
accuse,を非難する；を告訴する,1785780647.6878872,32
artificial,人工の（⇔ natural 自然の）；不自然な,1785776292.2153883,256
dissolve,（を）溶かす；（議会など）を解散する；（契約など）を解消する；溶ける,1785780652.1955352,32
alien,（～にとって）異質の（to）；外国の；宇宙人の,1785777163.3048975,128
rare,まれな，珍しい；希少な,1785776298.5711486,256
profound,重大な；深い；難解な,1785782576.696644,16
demand,を要求する,1785776324.2911527,256
honor,光栄；名誉（⇔ dishonor 不名誉）；敬意,1785777167.286898,128
ease,を軽減する；和らぐ；緩む,1785777174.2605755,128
mention,に言及する；と言う,1785778954.0954196,64
excel,（～で）秀でている（in / at）；に勝る,1785785456.1937146,4
oblige,に義務づける；に恩恵を施す,1785782603.698848,16
divide,を分ける；分かれる,1785777178.1303585,128
uneasy,不安な；落ち着かない；ぎこちない,1785776350.6998093,256
identify,を特定する；を（～と）同一視する（with）,1785777182.1035147,128
scheme,計画（≒plan）；体系；陰謀,1785780656.8127964,32
cope,うまく処理する,1785778957.5631053,64
posture,姿勢；心構え,1785928286.6551178,2
output,生産（高）；出力；排出（量）,1785778969.0259473,64
sweep,（を）掃く；を一掃する；さっと通過する,1785776013.8837705,512
feat,偉業，功績；妙技,1785777186.9216616,128
passive,受動的な；消極的な,1785778981.1963637,64
fasten,"""を留める, 締める, 結ぶ""",1785782607.5916603,16
toll,損害（の程度）；死傷者数；通行料,1785780887.5695014,32
generous,寛大な；気前のよい（⇔ stingy けちな）；豊富な,1785778985.5258622,64
budget,予算；経費,1785778989.1869755,64
infrastructure,インフラ、基本的施設；（経済）基盤,1785782616.8302999,16
address,（問題など）に対処する；に演説する；（手紙など）を（～宛てに）出す（to）,1785777192.0770245,128
dose,（薬の1回分の）服用量；放射線の1回の照射量,1785780892.1971214,32
employ,を雇う（≒ give ～ a job）；を使う（≒ use）,1785776017.016771,512
breakthrough,大発見，飛躍的進歩,1785777196.7175019,128
cure,を治す；を取り除く；（病気が）治る,1785776356.2846758,256
hierarchy,（社会の）階層制；〔the ～〕支配層,1785776363.6988642,256
warn,（人）に（～を）警告［注意］する（of / against）,1785778997.2210312,64
defeat,を負かす（≒ beat）；を失敗させる,1785775810.5202105,1024
stern,厳しい；いかめしい,1785784580.5159628,8
wonder,かなと思う；（に）驚く（at）,1785779001.1830747,64
afford,を持つ［する］余裕がある；を与える,1785784589.5369842,8
formula,方法，解決策；公式,1785784594.6291602,8
decorate,を装飾する,1785775815.0877972,1024
monetary,金銭的な；金融の,1785779007.026329,64
prohibit,を禁止する,1785776022.163136,512
legislation,法律；立法,1785928290.2286794,2
criticize,を批判する；を批評する,1785779021.3090463,64
court,裁判所，法廷；裁判；宮廷；中庭,1785777201.9702132,128
deliberate,故意の；慎重な,1785785820.709373,2
exotic,外来の；異国風の,1785776369.5072553,256
reserve,を予約する；を取っておく；（判断など）を保留する,1785779024.7460225,64
outcome,結果（≒ result）；成果,1785776375.1346216,256
patch,（～の）部分，斑点；継ぎ；貼り薬,1785776025.7074022,512
recommend,を勧める,1785779028.2403786,64
conservation,（動植物などの）保護；保存,1785780897.0142503,32
tablet,タブレット（型情報端末）；錠剤；平板,1785776378.1545205,256
regret,を後悔する,1785776382.112978,256
regain,を取り戻す,1785928299.4484987,2
nutrition,栄養（の摂取）,1785780900.9645553,32
burden,負担；（重い）義務；積み荷,1785780904.2087493,32
wound,（銃弾・刃物などによる）傷；痛手,1785780909.3836133,32
temporary,一時的な（⇔ permanent ⇒ 690）,1785777208.1236753,128
remedy,治療（法）；治療薬；解決法,1785782624.493485,16
bulk,〔the ～〕（～の）大半（of）；大きさ；大量,1785780914.1553044,32
physical,身体の（⇔ mental ⇒ 183）；物質的な；物理学の,1785777212.5764942,128
available,手に入る；利用できる；手が空いている,1785779032.4898427,64
humid,湿気のある（≒ muggy 蒸し暑い）,1785776385.2180688,256
native,出生地の；原産の；生得の,1785777219.9576247,128
pollution,汚染，公害,1785777222.861034,128
temper,気質，気性；機嫌；かんしゃく,1785779035.7096872,64
ingredient,材料，成分；（成功の）要因,1785779039.927781,64
term,（専門）用語；〔～s〕条件；〔～s〕間柄；学期,1785779043.3126943,64
superior,よりすぐれた（⇔ inferior ⇒ 1092）,1785775818.559169,1024
omit,を除外する; あえて省く; うっかり落とす,1785777228.8926497,128
vocational,職業の，職業訓練の（ための）,1785928303.510083,2
treaty,（国家間の）条約；協定,1785779048.5217342,64
weave,を織る；（計画・物語など）を作り上げる,1785780917.7650108,32
clue,（～の）手がかり（to / about）；（パズルの）ヒント,1785776030.4420109,512
glimpse,ちらりと見えること,1785779052.3670146,64
sufficient,（～に；...するのに）十分な（for；to do）,1785777234.0027552,128
burst,破裂する；（～を）突然始める（into）,1785779056.2771482,64
betray,をうっかり表す；を裏切る,1785779060.1821558,64
nuclear,核の，原子力の,1785779063.4492545,64
friction,不和；摩擦,1785779067.311557,64
academic,学問の；大学の,1785776035.9719648,512
nationality,国籍；国民；国民性,1785779071.031242,64
stroke,脳卒中；（ボールを）打つこと；（雷などの）一撃,1785777237.4458957,128
accompany,に同行する；に付随する,1785780921.9140484,32
dignity,尊厳；威厳,1785785823.7173765,2
profession,職業；専門職；同業者仲間,1785777242.0802882,128
antique,骨董の，アンティークの；古風な,1785776389.098721,256
contemporary,現代の；同時代の；同年輩の,1785779074.679556,64
legacy,遺産,1785779078.6972117,64
sacred,神聖な（≒holy）；宗教的な；厳粛な,1785776393.3105052,256
rush,急いで行く；性急に行動する；をせき立てる,1785777245.0621538,128
heal,（人・傷など）を治す；治る,1785776396.639326,256
controversy,論争,1785785832.5228615,2
nightmare,悪夢（のような状況）；不安感,1785779082.5834339,64
deficit,赤字，不足；欠陥,1785784603.930353,8
prepare,を準備する；を調理する；（～のために）準備をする（for）,1785776400.2081234,256
determine,を決定する；を正確に知る,1785782627.8948405,16
delight,を喜ばせる；（～を）大いに喜ぶ（in）,1785784608.57227,8
hollow,空洞の；空虚な；うわべだけの,1785777249.260681,128
hostile,敵意のある（⇔friendly 友好的な）,1785780925.617449,32
bend,を曲げる；を屈服させる；曲がる,1785779086.0243912,64
detect,を感知する；を見つけ出す；に気づく,1785779092.2326188,64
improve,を向上させる；よくなる,1785779098.1021984,64
altitude,高度，標高,1785782634.2069235,16
principal,主要な；資本金の,1785776404.217595,256
drag,を引きずる；ぐずぐずする,1785776039.8966894,512
spoil,を台無しにする；を甘やかす；だめになる,1785775723.5033746,2048
tidy,きちんとした，整頓された；相当の,1785777253.8151538,128
greet,に挨拶する；を迎える,1785779102.0230713,64
offer,を提供する，申し出る,1785779104.9619727,64
shield,盾，防御物,1785780928.6515827,32
vanish,消える（≒ disappear）,1785782637.4105322,16
category,部類，区分；範疇,1785777258.2798548,128
figure,数字；姿；人物；図表,1785777262.05748,128
necessary,必要な（≒ essential ⇒ 186）,1785779108.0489848,64
syndrome,症候群；～現象,1785780931.5949244,32
authentic,本物の；信頼できる,1785784611.810899,8
grateful,感謝している,1785779111.3982148,64
confront,に立ち向かう；（困難などが）に立ちはだかる,1785780936.9580348,32
adjust,を調整する；を適合させる；順応する,1785779119.642434,64
method,方法；体系；秩序,1785777266.5745971,128
evolve,（徐々に）発展する；進化する,1785782642.1936393,16
obscure,（世に）知られていない；不明瞭な,1785928308.7766838,2
merge,（を）合併する；を融合させる；溶け込む,1785780940.1817434,32
opportunity,機会（≒ chance）,1785779125.394124,64
retire,（～から）引退する，退職する（from）；退く,1785780942.8112502,32
habit,習慣，癖,1785777269.4929876,128
keen,熱心な；鋭敏な；（感情・関心などが）強い,1785777275.0381038,128
mild,穏やかな；（程度が）軽い,1785779129.9032662,64
aid,を援助する，助ける（≒ help）,1785780945.9382641,32
flavor,風味；特色,1785776408.5085325,256
geography,〔the ～〕地理；地理学,1785779133.6006486,64
current,現在の；現代の；通用している,1785779137.6074579,64
virus,ウイルス；（感染症の）病原体,1785777279.2989995,128
advocate,を主張する；を擁護する,1785928314.7206984,2
value,価値；価格；評価；〔～s〕価値観,1785777283.5157828,128
dedicate,をささげる；を献呈する,1785928319.8342261,2
obese,肥満した,1785784614.9108827,8
discourage,（人）にやる気をなくさせる；を落胆させる（⇔ encourage ⇒ 30）,1785775827.9286625,1024
target,（到達・攻撃）目標；的,1785776411.6526244,256
differ,異なる,1785776044.049847,512
incorporate,を取り入れる；を法人にする；合併する,1785776048.9997883,512
exploit,を活用する；を搾取する，につけ込む,1785777295.505763,128
index,指標；索引；指数,1785854623.018907,128
entertain,を楽しませる；をもてなす,1785928322.9891613,2
obsolete,廃れた，使われなくなった；古くなった,1785782647.4516969,16
exert,を及ぼす；（力など）を行使する,1785782659.3409705,16
option,選択（の自由）；選択肢,1785779165.6691763,64
logic,論理；道理；論理学,1785776419.3348684,256
tragedy,悲劇（的な事態）（⇔ comedy 喜劇）,1785785465.6766376,4
literal,文字どおりの；逐語的な；散文的な,1785776422.2589576,256
solid,しっかりした；硬い；固体の,1785784617.911456,8
divert,（注意など）をそらす；を迂回させる；（資金など）を転用する,1785782663.1430712,16
ideology,イデオロギー，思想傾向,1785776051.7551694,512
discharge,"""を解放する; …を退院させる, 釈放する; …を免除する""",1785777582.9241967,128
own,を所有している；（事実・罪など）を認める,1785779169.7219014,64
supply,を供給する,1785777588.2829473,128
gross,総計の；甚だしい；粗野な,1785780959.266752,32
ultimate,究極の,1785776427.5936286,256
justify,を正当化する,1785775738.5491283,2048
tribe,部族；仲間,1785779173.513498,64
convenient,便利な，都合のいい,1785779177.6244361,64
embark,（～に）乗り出す（on）；乗船［搭乗］する,1785776432.227542,256
retain,を保持する；を覚えている,1785776439.3581736,256
disclose,を公表する，暴く,1785784622.7958972,8
reckless,無謀な；（～を）顧みない（of）,1785782675.532693,16
pile,を積み重ねる；積み重なる,1785779182.8907013,64
descend,（を）降りる（⇔ ascend ⇒ 1839）；受け継がれる,1785784629.1291988,8
prime,主要な，最も重要な；最適な；極上の,1785779191.5464673,64
eventually,結局（は）,1785776055.9158268,512
intermediate,中級の；中間の,1785777596.3181775,128
yell,叫ぶ，どなる,1785776058.6850083,512
accomplish,を成し遂げる,1785779195.765446,64
sensation,感覚；大評判,1785776444.5346463,256
trail,（野山などの）小道；跡；手がかり,1785777604.0256748,128
reinforce,を強化する；を補強する,1785782716.9667227,16
row,列；（建物が並ぶ）通り,1785779203.3308542,64
await,を待つ（≒ wait for）,1785779208.740229,64
resort,（好ましくない手段に）訴える，頼る（to）,1785777623.8470473,128
aspire,（～を）熱望する（to）,1785776064.6848383,512
medium,（情報伝達の）媒体；手段,1785779213.993957,64
soar,急上昇する；空高く飛ぶ,1785784632.0333745,8
cosmetic,化粧の，美容の；うわべの,1785777627.6876574,128
oppose,に反対する；を対抗［対比］させる,1785777647.3822613,128
particle,（微）粒子；ほんのわずか,1785780963.5036755,32
request,に（...するように）頼む（to do）；を要請する,1785776451.1617243,256
originate,"""生じる, 起こる, 始まる, 起源がある""",1785779219.8354337,64
conflict,争い；論争；不一致,1785776455.483147,256
recipe,調理法，レシピ；手順；秘訣,1785776459.1534586,256
gallery,美術館，画廊；観客，ギャラリー；回廊,1785779227.7588944,64
reduce,を減らす；を（～に）変える（to）,1785776462.5863338,256
despair,絶望,1785780969.4119272,32
draft,下書き；為替手形；隙間風,1785780972.7878582,32
supervisor,監督者；指導教員,1785782724.0796895,16
estimate,と推定する；を見積もる；を評価する,1785928325.9132047,2
attorney,【米】 弁護士；代理人,1785780978.0836325,32
pessimistic,悲観的な（⇔ optimistic ⇒ 882）,1785784638.1903384,8
rigid,厳しい；硬直した,1785780986.8756926,32
exhaust,を疲れ果てさせる；を使い尽くす；排気する,1785784642.3697386,8
rescue,を救う,1785780990.614058,32
mental,精神の；知能の；頭の中で行う,1785779233.580093,64
increase,増加する（⇔ decrease ⇒ 223）；を増やす,1785777652.839473,128
sociology,社会学,1785777658.0886254,128
version,（本・製品などの）版；解釈,1785777664.2289386,128
ancient,古代の；昔からの,1785776466.5830863,256
create,を創り出す；を引き起こす,1785779237.329521,64
bleed,出血する,1785780993.4052675,32
breathe,呼吸する；を吸う,1785779240.9512246,64
humble,謙虚な；質素な；身分が低い,1785777669.5913842,128
deprive,から（権利などを）奪う,1785782739.702197,16
launch,を開始する；を売り出す；を発射する,1785776097.6591306,512
insert,を挿入する,1785780997.1692846,32
constant,絶え間ない；一定の,1785776101.6250277,512
react,反応する；化学反応を起こす,1785775746.308154,2048
suicide,自殺；自殺的行為,1785781000.6032252,32
roam,（を）歩き回る；放浪する,1785776471.7812214,256
parallel,（～と）平行［並行］の（to）；類似した,1785779250.9613125,64
precious,貴重な；高価な（≒ valuable）,1785779296.5733538,64
bond,絆；債券；束縛；接着剤,1785777673.415239,128
odor,におい；気配,1785781004.2548385,32
defect,欠陥；不足,1785782744.088857,16
contend,と主張する；競う,1785784646.709759,8
immune,（～に対して）免疫を持つ（to）；（～を）免れた（from）,1785777677.8139305,128
spouse,配偶者,1785781007.999396,32
overcome,を克服する,1785776477.1518815,256
thought,考え；思考,1785781011.405571,32
collective,集団の，共同の,1785777683.9574475,128
struggle,闘い；懸命の努力,1785781015.5073655,32
attempt,を試みる，企てる,1785776105.6231434,512
plunge,（～に）（を）突っ込む（into）；没頭する；陥る,1785775831.9318368,1024
amuse,をおもしろがらせる，楽しませる,1785777688.0401876,128
bury,を埋める；を埋葬する；を隠す,1785777694.6116068,128
formation,形成；構成（物）；隊列,1785779303.4010286,64
contribute,貢献する，一因となる；（を）寄付する；（を）寄稿する,1785781020.8986495,32
frighten,（人）を怖がらせる,1785776481.1241982,256
worth,（...する）に値する（doing）；の価値がある,1785776484.04559,256
dismiss,（意見など）を退ける；を解雇する,1785782752.4006205,16
frequent,頻繁な,1785777705.3151772,128
stain,を汚す；に着色する,1785784650.8792222,8
numerous,非常に数の多い,1785779308.6194997,64
funeral,葬式,1785777709.676122,128
jealous,嫉妬深い；用心深い,1785779314.0258307,64
violate,（法律・規則など）に違反する；を侵害する,1785781029.2183604,32
refuse,を拒む；を断る；拒絶する,1785777713.9714825,128
swift,素早い,1785779320.7662437,64
sculpture,彫刻（作品）,1785776487.2354136,256
reluctant,気が進まない，嫌がる（⇔ willing ⇒ 298）,1785784656.689323,8
suspect,ではないかと思う；（人）を疑う,1785928329.3916397,2
assault,に暴行する；を攻撃する,1785928334.8301563,2
rob,から（金品を）奪う,1785779324.294801,64
counterpart,相当する物［人］,1785781041.7019918,32
metaphor,隠喩；比喩,1785781045.9431918,32
personnel,〔集合的に〕職員，社員,1785781053.3184268,32
lean,傾く；寄りかかる；をもたせかける,1785781057.4091175,32
possess,を所有している；の心をとらえる,1785782766.755464,16
transaction,（商）取引；（人と人との）交流,1785779375.1739287,64
issue,問題（点）；発行（物）；発表,1785779379.8313777,64
toxic,有毒な；中毒性の,1785777719.9618812,128
ambiguous,あいまいな；多義的な,1785777732.873582,128
consent,同意，承諾,1785779395.0595517,64
purchase,を購入する,1785776490.2835333,256
priority,優先（事項）,1785781065.0226014,32
tempt,を（...する）気にさせる（to do）；を引きつける,1785928342.1906161,2
flap,パタパタ動く；羽ばたく（≒ flutter）；をパタパタ動かす,1785779398.5152457,64
wilderness,荒野；（庭・町などの）放置された部分,1785781071.3159018,32
territory,領土；（活動の）領域；（動物の）テリトリー,1785779401.7489946,64
boast,を誇る；（を）自慢する,1785782790.4528582,16
mutual,相互の；共通の,1785782795.9769814,16
dump,を投棄する；をどさっと落とす,1785779406.2362566,64
timber,【英】 木材（≒ 【米】lumber）；樹木,1785776494.0005918,256
statistics,統計；統計学,1785776497.4852998,256
compromise,妥協する；を危うくする,1785782799.9958997,16
grant,（人）に（許可・権利など）を与える；を認める,1785776501.3327715,256
dare,あえて［思い切って］...する,1785779409.3705745,64
endanger,を危険にさらす,1785779412.3904645,64
cattle,〔集合的に〕牛,1785781074.6722887,32
arrange,の段取りをつける；を手配する；を配置する,1785779416.9666836,64
seize,をつかむ；を奪い取る；を没収する,1785928348.7301178,1
beverage,（水以外の）飲み物，飲料,1785782820.0945876,16
premium,保険料；プレミア；景品,1785779419.9980955,64
royal,王の,1785779422.4192443,64
depression,憂うつ；うつ病；不況；低気圧,1785781083.8916814,32
restrain,を制止する；を規制する,1785776110.3688326,512
opponent,（試合・論争などの）相手；反対者,1785785475.6071398,4
modest,謙虚な（≒ humble）；適度な；質素な,1785784659.7812676,8
fake,偽の；見せかけだけの,1785779426.0542052,64
investigate,を調査する；を究明する；（～を）調査する（into）,1785928354.1792023,2
predict,を予言［予測］する,1785779430.9615705,64
compare,を比較する；を（～に）たとえる（to）,1785777736.9953556,128
sewage,下水,1785779435.0751436,64
fade,薄れる；衰える,1785775751.187188,2048
roar,うなる，ほえる；大笑いする,1785777742.4911084,128
odd,奇妙な（≒ strange）；奇数の,1785779438.8882446,64
involve,を関与させる；を伴う,1785775763.0868795,2048
explicit,明白な（⇔ implicit ⇒ 1795）；率直な,1785781087.5689485,32
arrest,を逮捕する；を止める；（注意）を引く,1785781092.5998158,32
diminish,を減らす；減少する（≒decrease）,1785785853.4520967,2
due,予定された；（支払）期日で；しかるべき,1785779459.764891,64
rebel,反逆者,1785781097.791378,32
concern,〔受身形で〕心配している；〔受身形で〕（～に）関係する（with）；に関連する,1785779474.9942477,64
adapt,適応する；を（～に）適合させる（to）,1785928357.9329505,2
convey,を伝える；を運ぶ，運搬する,1785777746.5438068,128
sensible,賢明な；実用的な；顕著な,1785781102.5615742,32
humanity,人類；人間性；人情；〔（the） ～ties〕人文科学,1785779478.486013,64
symptom,症状；兆候（≒ sign）,1785781105.7010343,32
knit,を編む；を結合する；編み物をする,1785776504.9910789,256
article,記事；条項；品物,1785777750.1999078,128
fortune,財産；幸運（≒ luck）；運命,1785776509.594471,256
secure,を確保する；を守る,1785777759.1296966,128
tropical,熱帯の,1785779482.503698,64
participate,参加する,1785777763.4870186,128
spin,回転する；を回転させる；（糸）を紡ぐ,1785784663.022079,8
republic,共和国；共和制,1785781109.6034596,32
yawn,あくびをする,1785776113.7398722,512
resolve,を解決する；を決意する；を議決する,1785776513.8254175,256
forecast,を予想［予測］する,1785784674.3320944,8
exact,正確な；まさにその,1785779490.8884537,64
blossom,花が咲く（≒ bloom）；発展する,1785777774.6766326,128
moderate,適度な；穏健な,1785781115.8733675,32
beat,を打ち負かす；（を）打つ，たたく,1785779494.0362506,64
script,台本；筆跡,1785777784.5851324,128
emphasize,を強調する；を重視する,1785781120.174091,32
dense,密集した，密度の高い；（霧などが）濃い,1785784680.5939665,8
sibling,きょうだい（の1人）,1785782823.6425655,16
doctrine,教義；【米】（政策上の）主義,1785779551.207839,64
cease,をやめる；終わる,1785928363.661375,2
status,地位；状態,1785779557.9254208,64
intimate,親密な；密接な,1785785872.075237,2
innovation,革；機軸,1785777796.430396,128
resume,（を）再開する；を取り戻す,1785781125.3474689,32
crude,大まかな；粗野な；未精製の,1785928368.3719523,1
sum,（金）額；合計；要点,1785776517.1319468,256
agriculture,農業；農学，畜産,1785777803.1074963,128
respect,を尊敬する；を尊重する,1785776520.3360333,256
sacrifice,犠牲；いけにえ,1785928373.332338,1
surplus,余剰（⇔ shortage 不足），過剰；黒字,1785776523.4548542,256
enrich,を豊かにする；（物質）を濃縮化する,1785777814.7700121,128
swear,（～を）ののしる（at）；（を）誓う（≒ vow）,1785784695.8966057,8
succeed,（～に）成功する（in）；（～を）継承する（to）,1785776527.8822827,256
medieval,中世の；時代遅れの,1785782830.524915,16
prefer,のほうを好む,1785779561.715657,64
tap,を軽くたたく；（液体）を出す；を盗聴する,1785777821.3813002,128
custom,（社会的な）慣習；〔～s〕税関；〔～s〕関税,1785775835.702416,1024
fantasy,空想；幻想；幻想的作品,1785777827.940675,128
expel,を追放する；を吐き出す,1785782835.0099447,16
deny,を否定する；を拒む,1785776531.4846637,256
ideal,理想的な；観念的な,1785779601.50595,64
fulfill,を実現させる；を果たす；を満たす,1785781131.8077283,32
crisis,危機,1785781136.7951488,32
log,〔log onで〕ログオンする；を記録する,1785781139.3930583,32
shame,恥；残念なこと,1785777833.6826727,128
enforce,を施行［実施］する；を（～に）強制する（on / upon）,1785777839.1165352,128
illustrate,を説明する；に挿絵を入れる,1785776537.7647324,256
absurd,ばかげた；不合理な,1785781143.0326886,32
industry,産業；勤勉（≒ diligence）,1785777842.769476,128
pitch,を投げる；倒れる；縦揺れする,1785854619.1620293,64
enhance,（価値など）を高める，増す,1785779605.0402148,64
prevail,普及している；支配的である；（～に）打ち勝つ（over）,1785781153.161564,32
curse,悪態，ののしりの言葉；呪い；〔通例a ～〕災い,1785782840.2766209,16
render,を（ある状態に）する；（援助など）を与える,1785785880.9906764,2
irrelevant,（～にとって）無関係の（to）；見当違いの,1785782853.0795262,16
surpass,を上回る,1785779612.7647974,64
sob,"""むせび泣く, 泣きじゃくる, 嗚咽する""",1785781161.441135,32
guilty,罪悪感のある；（～について）有罪の（of）,1785781165.3850727,32
entitle,に権利を与える；に題名をつける,1785784735.9927557,8
grab,をつかむ；を横取りする；を急いで食べる,1785928375.8890471,2
comply,従う，応じる,1785781168.2941935,32
drain,（液体）を流出させる；（液体が）流れ出る,1785782856.7968795,16
cooperation,協力，共同,1785784741.4663358,8
comprehend,を理解する,1785781181.7405045,32
prey,獲物；犠牲者,1785782860.0652027,16
vital,重要な,1785782863.2017713,16
distort,を歪める；歪む,1785782870.5677605,16
portray,～を描く,1785779622.0745757,64
revenge,復讐,1785777846.9537184,128
corrupt,を堕落させる；を買収する；堕落する,1785779627.0448434,64
civil,市民の；民間の；民事の（⇔ criminal 刑事の）,1785779630.7667875,64
revive,を復活させる；復活する,1785784745.6724014,8
assemble,を集める；を組み立てる；集まる,1785779770.0030835,64
spread,を広める；広がる,1785776541.6171677,256
empirical,経験的な；経験主義の,1785779778.3060179,64
exclaim,…と叫ぶ; …ということを突然叫ぶ,1785928379.207118,2
survey,を調査する；をじろじろ見る；を概観する,1785777850.3447258,128
stumble,よろけながら歩く；（～に）つまずく（on / over）,1785777859.2747922,128
pierce,"""を刺す, 貫く, 突き通す, …に穴をあける""",1785784749.4446297,8
convict,に有罪を宣告する,1785782900.3500793,16
precede,に先行する；に優先する,1785784753.326636,8
relate,を関連づける；（～に）関連する（to）,1785779781.5320785,64
vary,さまざまである；変わる；を変える,1785781193.6097026,32
resent,に憤慨する,1785781198.0250933,32
astronomy,天文学,1785779796.4259722,64
approximate,おおよその,1785781200.5683963,32
noble,高貴な；堂々とした；高潔な,1785776544.9030943,256
similar,似ている，類似した；同様の,1785776548.4928448,256
confuse,を混同する；を当惑させる,1785784758.278797,8
rotate,回転する；循環する；を回転させる,1785779802.637523,64
reception,反応；宴会；受付；受信（状態）,1785785489.9532156,4
appoint,を任命する；（日時・場所など）を指定する,1785784761.4797533,8
recite,を暗唱する；を詳述する,1785782907.1922512,16
consensus,総意；（意見の）一致,1785784765.8834305,8
prehistoric,有史以前の；旧式な,1785777864.0451157,128
compassion,同情,1785779806.7623613,64
criterion,（判断・評価の）基準,1785779824.459653,64
appreciate,を正当に評価する；を鑑賞する；を感謝する,1785776556.4517615,256
emotion,感情，情動；感動,1785781203.9026847,32
duty,義務；〔しばしば～ties〕職務；関税,1785777868.1743853,128
gravity,重力，引力；重量；重大さ,1785777871.7335649,128
mock,をばかにする（≒ make fun of）；のまねをしてからかう,1785777877.3946102,128
summon,"""招集する,呼び出す,召喚する""",1785779829.3290687,64
obstacle,（～に対する）障害（物）（to）,1785784768.9906485,8
rational,理性的な；合理的な,1785782912.059709,16
intense,強烈な；熱烈な,1785779899.885797,64
reveal,を明らかにする；を見せる,1785775846.9341872,1024
technology,科学技術；応用技術,1785779905.5561056,64
asteroid,小惑星（≒ minor planet）；ヒトデ（＝ starfish）,1785928383.508616,2
bet,と確信する，断言する；（金などを）かける,1785784772.8076952,8
elaborate,入念な；凝った,1785779911.028599,64
eloquent,雄弁な；説得力のある,1785781207.3367734,32
negative,否定的な；消極的な；（検査結果が）陰性の,1785779919.1174412,64
deserve,に値する,1785928390.646821,2
dispose,〔dispose ofで〕を処分する；を（...する）気にさせる（to do）；を配置する,1785777882.5286863,128
load,に積む；に負わせる,1785777886.9231,128
naked,裸の,1785779921.8972263,64
harm,害，損害,1785779924.7417357,64
compensate,補償する（≒ make up）；に償う,1785782944.8605275,16
quote,を引用する；を引き合いに出す,1785784777.9688852,8
nod,うなずく；会釈する；うとうとする,1785781210.7471108,32
hypothesis,仮説；憶測,1785781214.4660356,32
reward,報酬；報い,1785777892.980576,128
gain,を獲得する；（を）増す,1785779930.8368256,64
elect,を選出する,1785777908.9727566,128
carve,を彫る；を切り開く；（肉）を切り分ける,1785776560.9741528,256
courtesy,礼儀正しさ；好意；優遇,1785928397.619894,2
mill,製造工場；製粉所；粉ひき機,1785779933.508968,64
tighten,締め付ける,1785777913.5970728,128
worship,崇拝，礼拝（式）；賛美,1785779948.557006,64
cough,せきをする; せき払いする,1785777916.8883371,128
compliment,賛辞；表敬,1785785891.3797133,2
obey,に従う；に服従する,1785781232.6358323,32
statement,声明；主張；明細書,1785781239.3323512,32
rent,を賃借りする；を賃貸しする,1785781244.1483893,32
strain,に負担をかける；を緊張させる；を漉す,1785782950.547335,16
maximum,最大限（⇔ minimum ⇒ 653）,1785779951.5854747,64
starve,飢える；（～を）渇望する（for）；を飢えさせる,1785776567.6842976,256
imply,を暗に意味する；を必然的に伴う,1785777919.973573,128
panic,パニック（状態）；狼狽,1785777922.733084,128
snatch,"""をひったくる, 強奪する, かっぱらう; すばやく取る, ひっつかむ""",1785777926.9186792,128
fossil,化石；時代遅れの人［物］,1785776570.906532,256
sparkle,"""輝く, きらめく, きらきら光る""",1785775855.8660955,1024
evaluate,を評価する；を査定する,1785779954.7906778,64
incredible,信じられない；すばらしい,1785781261.9230018,32
bow,おじぎする；屈服する,1785779957.8302395,64
individual,個々の；個人の,1785779962.175203,64
obvious,明らかな（≒ clear）,1785928402.248489,2
cheat,をだます；不正をする,1785782964.5713966,16
bully,をいじめる；を脅す,1785784781.6881793,8
demonstrate,を論証［証明］する；デモをする,1785781272.8169653,32
seal,を密閉する；に封をする,1785785898.3368325,2
proclaim,"""を宣言する, 公布する; …と宣言する; AをCであると宣言する""",1785781285.6736944,32
refine,を洗練する；を精製する,1785777934.9030797,128
alternate,代わりの（≒ alternative）；交互の,1785777944.461601,128
insurance,保険；保険料；保険金,1785781291.9501352,32
mature,成熟した（⇔ immature 未熟な）；熟した,1785784785.6661828,8
crash,衝突する，墜落する；をぶつけて壊す,1785779965.5454159,64
erect,を建てる；を直立させる,1785785902.048194,2
inform,に知らせる；情報を提供する,1785782968.7773886,16
diversity,多様性；相違点,1785779969.0771198,64
preliminary,予備の，準備の,1785784791.0948224,8
meaningful,意味のある,1785779972.1200166,64
portion,部分；1人前；割り当て,1785777947.8070326,128
compulsory,義務的な，強制的な（⇔ voluntary ⇒ 1199）,1785784797.7673132,8
respond,反応する；答える,1785779977.370977,64
cue,合図；手がかり；（次の演技の）キュー,1785779981.3358364,64
ambition,（～に対する）願望，野望（for）；野心,1785776575.3452544,256
complicate,を複雑にする,1785776630.0344667,256
heritage,遺産,1785777951.1124666,128
phase,段階，局面；側面,1785784802.1629581,8
transparent,透明な；明快な,1785782979.8341641,16
overwhelm,を圧倒する；を（精神的に）打ちのめす,1785781299.8543038,32
reject,を拒否する,1785785905.7390234,2
pledge,を誓う，約束する；を与えることを約束する,1785781304.0398748,32
argue,"""と主張する（≒ claim ⇒ 110, maintain ⇒ 206）；議論する""",1785928406.4681196,2
access,利用，入手；接近（の機会・方法・権利）,1785779988.4730802,64
overtake,を追い抜く；に追いつく（≒ catch up with）；（災難・強い感情などが）を襲う,1785781309.5219684,32
license,免許（証）；許可,1785779990.9102418,64
undermine,を徐々にむしばむ；を侵食する,1785784806.0904856,8
ordinary,一般の，普通の；並の,1785779994.4269724,64
include,を含む（⇔ exclude ⇒ 1009）,1785776737.0802767,256
predator,捕食動物；略奪者,1785781312.4635646,32
tackle,に取り組む；と（～のことで）話をつける（about / on）,1785781316.2938104,32
facility,施設，設備；機能；才能,1785781320.0200622,32
interior,室内の；内部の（⇔ exterior 外部の）,1785781323.0702758,32
cast,を投じる；に役を当てる,1785784810.043231,8
rejoice,"""喜ぶ; …して喜ぶ, 歓喜する, うれしがる""",1785780002.5846949,64
brilliant,すばらしい；才能にあふれた；きらめく,1785776741.2287807,256
waste,を浪費する，無駄にする,1785781326.2211385,32
fundamental,基本的な；必須の,1785781347.5141132,32
laundry,洗濯（物）；クリーニング店,1785781351.517645,32
avoid,を避ける,1785777961.8619747,128
divine,神の；神にささげる,1785928409.6032815,2
desert,砂漠；不毛の地,1785781361.778112,32
slight,わずかな；取るに足らない,1785784830.9047854,8
novel,斬な，目しい,1785781366.4859252,32
deadline,締め切り,1785781372.998527,32
cognitive,認知の,1785781378.3768206,32
virtual,仮想の；事実上の,1785777969.7890909,128
merchandise,商品,1785780009.3603117,64
common,共通の；普通の；一般の,1785780019.308241,64
imperial,帝国の；皇帝の,1785777975.5074375,128
instruction,〔通例～s〕指示；〔～s〕（製品の）使用書,1785777982.1085615,128
subsequent,その後の,1785782986.0471504,16
stuff,（漠然と）物；素材；素質,1785780059.8001833,64
forbid,を禁じる（⇔permit 許可する）,1785781394.9326315,32
intelligible,（簡単に）理解できる,1785781399.7333694,32
attain,を獲得する，達成する；に達する,1785781413.2818165,32
capital,資本；首都；大文字（≒ capital letter）,1785780064.9743447,64
doubt,ではないと思う；を疑う,1785780068.3285534,64
fluent,流ちょうな,1785780071.8449397,64
polar,極地の；電極の,1785781416.2796266,32
breakdown,崩壊；（神経）衰弱；故障；内訳,1785781419.9141662,32
perspective,観点，見方；大局観；遠近法,1785782992.9900305,16
collapse,崩壊する；（人が）倒れる；を折り畳む,1785784835.771268,8
galaxy,星雲，銀河；〔the G～〕銀河系,1785781423.6514716,32
confine,を限定する；〔通例受身形で〕閉じ込められる,1785781426.9700184,32
situation,状況；（人の置かれた）立場,1785781435.6889408,32
mortal,致命的な（≒ fatal）；死すべき（運命の）（⇔ immortal 不死の）,1785783002.7149017,16
soak,を浸す；をずぶぬれにする；浸る,1785780075.9609504,64
merit,利点（⇔demerit 欠点）；功績；真価,1785781438.799045,32
audience,〔集合的に〕聴衆，観客；視聴者,1785780079.3706396,64
bribe,賄賂,1785776746.692186,256
congestion,混雑,1785780083.4873958,64
assist,（を）援助する；を手伝う,1785780087.6881547,64
poll,世論調査；投票（数）,1785780091.1612613,64
scatter,をまき散らす；分散する,1785781443.6099474,32
ubiquitous,至る所にある,1785780099.3760395,64
tend,傾向がある；を世話する,1785776116.7096004,512
acquire,を得る；を習得する,1785780102.9930892,64
anniversary,（～周年）記念日,1785776750.000658,256
garment,衣服,1785783006.4962409,16
dominate,を支配する；（～より）優勢である（over）,1785780108.5646603,64
public,公の（⇔ private 私的な）；公衆の；公開の,1785780112.7501967,64
awful,ひどい；嫌な；ものすごい,1785928413.494354,2
fatigue,疲労（≒exhaustion）,1785777990.2303264,128
revenue,歳入（⇔ expenditure 歳出）；収益,1785780116.649147,64
pollen,花粉,1785777996.615916,128
eclipse,（日食・月食などの）食；（名声などの）失墜,1785784840.9995613,8
describe,について述べる，を説明する,1785781452.7925818,32
cynical,冷笑的な，皮肉な,1785783011.6612487,16
dimension,側面，局面；次元；寸法,1785928418.9042838,1
relieve,を和らげる；〔受身形で〕（...して）安心する（to do）；を解放する,1785780123.8173175,64
outstanding,際立った；未払いの；未解決の,1785780127.198886,64
cluster,集団；（植物の）房，束,1785778006.262678,128
steady,着実な，一定の；安定した,1785784844.610235,8
breed,を繁殖させる，育てる；繁殖する,1785781455.6786528,32
lag,遅れる；徐々に弱まる,1785781458.3841844,32
envy,をうらやむ,1785781460.8176932,32
match,（と）合う；に匹敵する；一致する,1785781464.2954996,32
plague,疫病；（害虫などの）異常発生,1785781468.5924404,32
irony,皮肉,1785780130.474441,64
tomb,墓,1785778011.1586022,128
passion,情熱；熱中；激怒,1785778015.5498722,128
stir,をかき回す；を揺り動かす,1785780133.6678398,64
squeeze,押し入る；を押し込む；（を）搾る；（を）強く押す,1785781472.0473793,32
conceive,（を）思いつく；と想像する；（を）妊娠する,1785783022.6737566,16
navigate,（を）誘導する；（を）操縦する；（を）航行する,1785781475.1148002,32
erase,を消す,1785781478.105336,32
force,に強いる；を強要する,1785778018.3204842,128
integrate,を統合する；融合する,1785780150.5181446,64
awkward,気まずい；ぎこちない；厄介な,1785778021.5945933,128
shelter,避難（所），保護,1785780154.2032309,64
govern,（を）統治する、支配する,1785780158.7398615,64
addict,〔受身形で〕（～の）中毒になる（to）；（～に）凝る,1785780161.6610117,64
consist,（～から）成る（of）；（～に）ある（in）,1785781482.3393607,32
gear,用具（一式），器具；歯車；ギア,1785781487.2587035,32
fetch,を（行って）持って［連れて］くる,1785784848.062028,8
sole,唯一の；単独の；独占的な,1785783027.5650117,16
bless,に恩恵を与える；に感謝する,1785784853.572289,8
focus,焦点；関心の的,1785778026.6197555,128
caution,用心；警告,1785784858.157638,8
landscape,風景；領域；状況,1785781491.0717518,32
object,反対する；（...）と言って反対する（that節）,1785780165.174945,64
atmosphere,〔the ～〕大気；雰囲気,1785781494.2663834,32
abuse,乱用；虐待,1785784861.6453514,8
withdraw,を引き出す；を撤回する；撤退する,1785854631.2225862,64
haven,避難所，保護区；港,1785781505.2013872,32
abolish,を廃止する（≒ do away with）,1785785910.473634,2
visual,視覚の；目に見える,1785780168.01825,64
mammal,哺乳動物,1785780170.8859727,64
earnest,まじめな，熱心な,1785780176.575734,64
exceed,を超える；に勝る,1785784865.0619946,8
context,状況，背景；文脈,1785928423.2324882,2
manner,〔～s〕作法；方法；物腰,1785781509.3004372,32
mankind,人類,1785781513.5783007,32
irritate,をいらいらさせる；をひりひりさせる,1785778030.2075014,128
enterprise,企業，事業；企画；進取の気性,1785783035.7280476,16
arise,生じる,1785780179.5286384,64
voluntary,自発的な（⇔ compulsory ⇒ 1384）；無償の,1785780186.2803812,64
dread,をひどく恐れる,1785784875.1147637,8
vacant,空いている,1785781516.822327,32
dictate,を指図する；を書き取らせる；を規定する,1785776755.0349243,256
patent,特許（権）；特許品,1785778041.2542205,128
manufacture,を製造する；をでっち上げる,1785778046.815097,128
decrease,減少する（⇔ increase ⇒ 2）；を減らす,1785780190.2357512,64
offend,の気分を害する；（に）違反する,1785784878.8514223,8
signature,署名；特徴,1785781520.9507136,32
influence,影響（力）,1785780192.6542075,64
embody,を具現する；を包含する,1785784884.1307364,8
drastic,徹底的な，抜本的な；極端な,1785928429.6150854,2
flame,炎；情熱,1785780196.2015605,64
boundary,境界（線）；〔通例～ries〕限界,1785780200.0161047,64
absolute,絶対的な（⇔ relative 相対的な）,1785781524.4061065,32
pure,純粋な；潔白な；まったくの,1785781530.72027,32
aesthetic,美的な；美学の,1785781534.7457142,32
contradict,と矛盾する；に反対意見を言う,1785784889.6569722,8
archaeology,考古学,1785781537.6501205,32
anthropology,人類学,1785928436.1430254,2
contempt,軽蔑；恥辱,1785784893.6010444,8
mourn,（を）悼む（≒ grieve）；（を）嘆く,1785784896.5111334,8
despise,"""をひどく嫌う, 軽蔑する""",1785780206.715038,64
rely,頼る（≒ depend ⇒ 36）,1785785918.9274921,2
chase,（を）追跡する；（を）追求する,1785785922.174339,2
structure,構造；体系；構造物,1785780212.4727104,64
initial,初めの,1785781544.1542573,32
treasure,宝物，財宝；財産,1785780215.6839895,64
bullet,銃弾,1785780218.6475823,64
semester,【主に米】 （2学期制の）学期,1785781547.659711,32
retreat,後退，退却；（計画・決定などの）撤回,1785778057.5652122,128
infection,感染（症）,1785785495.8923976,4
accurate,正確な；精密な,1785785926.1491141,2
casual,何気ない；形式ばらない,1785780221.8898368,64
ban,を（法的に）禁止する；を締め出す,1785780225.2565641,64
forgive,を許す；を免除する,1785776760.2049053,256
proper,適切な；正式の；〔名詞の後ろで〕主要な；（～に）固有の（to）,1785780228.931075,64
violent,（人・気質などが）激しい；暴力的な,1785781551.4648736,32
monitor,を監視する；を傍受する,1785781589.3633513,32
joint,関節；接合（部）,1785928443.9864485,2
gradual,徐々の，緩やかな,1785783088.9340146,16
mobile,可動［移動］式の；流動性のある,1785780231.9526584,64
fraction,わずか（≒ bit），一部；分数,1785784901.341467,8
profit,利益；収益（率）；得,1785781593.7997837,32
tease,（を）からかう；をいじめる,1785783102.1700666,16
faculty,能力、機能；学部；教授陣,1785829407.4049296,8
analysis,分析（結果）（⇔ synthesis ⇒ 1868）,1785781598.0106227,32
release,を放出する；を解放する；を発表する,1785778061.1521206,128
authority,〔通例 the ～ties〕（関係）当局；権威；権限,1785781606.18216,32
biography,伝記,1785780235.7670748,64
produce,を生産する；を取り出す,1785778065.3645349,128
absorb,を吸収する；を併合する；を夢中にさせる,1785780240.1026497,64
amaze,をびっくりさせる,1785928446.4489088,2
dynamic,活動的な、精力的な；動的な（⇔static 静的な）,1785781614.7158377,32
supplement,栄養補助剤，サプリメント；補足,1785783105.7075737,16
juvenile,青少年の,1785928451.0001826,2
attract,を引きつける,1785780244.4903946,64
extraordinary,並はずれた；異常な，驚くべき,1785781633.4187872,32
resist,に抵抗する；〔通例否定文で〕を我慢する,1785780249.1506307,64
concentrate,（を）集中する,1785780253.052014,64
instinct,本能；勘，直感；（自然に起こる）衝動,1785829413.366587,8
cortex,皮質；樹皮,1785783109.8873394,16
hazard,危険（要素）；偶然,1785780256.1869817,64
preserve,を保存する；を保持する；を保護する,1785775869.5238357,1024
bias,偏見；傾向,1785781637.6665637,32
cabinet,〔しばしばthe C-〕内閣；戸棚,1785829418.1758254,8
prescribe,（薬など）を処方する；を規定する,1785928455.516415,2
inherit,を受け継ぐ；を相続する,1785928461.299752,2
suppress,を抑える；を抑圧する,1785784906.0384376,8
feminine,女らしい（⇔ masculine ⇒ 1681）,1785783113.7266586,16
intellect,知性；〔the ～（s）〕知識人,1785781651.35818,32
liver,肝臓,1785781654.215295,32
earn,を稼ぐ；を得る；をもたらす,1785780268.38326,64
sensory,感覚の,1785781657.8970397,32
fragile,壊れやすい；虚弱な,1785780272.806591,64
vulnerable,（攻撃などに）弱い，もろい；傷つきやすい,1785781668.3374412,32
cherish,を大切にする；を心に抱く,1785781678.2251587,32
assume,を当然のことと思う，と仮定する；（権力など）を手に入れる；（責任など）を引き受ける,1785781683.868751,32
nursery,託児所；苗床,1785781689.8757303,32
evidence,証拠,1785781693.9178529,32
orbit,軌道；（活動・勢力などの）範囲,1785781697.48141,32
blade,刃；（プロペラなどの）羽根；（草などの）葉,1785781701.6843333,32
crop,〔しばしば～s〕作物；収穫高,1785783118.9595647,16
declare,を宣言する；を申告する,1785928471.8325682,2
colleague,（職場の）同僚,1785778080.915059,128
manuscript,（手書きの）原稿；写本,1785781707.0142062,32
search,捜す；を捜索する；を詳しく調べる,1785783122.7124317,16
troop,〔～s〕軍隊；集団,1785783128.0142555,16
flesh,（人・動物の）肉；果肉,1785780276.8745441,64
multiple,多様な；種々雑多な,1785781712.1411414,32
consult,（に）相談する；を参照する,1785781726.3409142,32
raw,生の；未加工の,1785775873.7190893,1024
illuminate,を照らす；を解明する,1785778089.296775,128
require,を要求する；を必要とする,1785781733.0934403,32
mission,使命；（外交）使節団；布教,1785783136.020352,16
elite,〔通例the ～〕〔集合的に〕エリート,1785783140.0925598,16
domain,分野；領域；ドメイン（＝ domain name）,1785781736.6848552,32
sphere,領域；球体；天体,1785829421.499991,8
vice,（道徳上の）悪（⇔ virtue ⇒ 1078）；欠点,1785781740.9147794,32
decay,腐敗する（≒ rot）；（徐々に）衰える,1785784910.389222,8
explode,爆発する；急増する；を論破する,1785928475.6736712,2
indicate,を指し示す；を述べる,1785776766.5228186,256
terrify,を怖がらせる；を脅かす,1785783143.5400908,16
pain,苦痛，痛み；苦悩；〔～s〕骨折り,1785780279.9856582,64
prosper,繁栄する; 成長する,1785785510.526395,4
indigenous,原産の，先住の；（その土地に）固有の,1785784916.2809105,8
frame,枠，（額）縁；骨組み；体格,1785781744.2588348,32
latter,後者の（⇔ former 前者の），後半の,1785780282.9247942,64
phenomenon,現象,1785781747.9377468,32
challenge,に異議を唱える；（人）に挑む,1785781752.946655,32
essential,（～に）必要不可欠な（to / for）；本質的な,1785781757.917721,32
parliament,（英国などの）議会；国会議員（団）,1785928481.3866985,1
underlie,の根底にある,1785781761.1304066,32
probe,（無人）宇宙探査機；（～の）精査（into）；探り針,1785784920.8657286,8
substitute,を代わりに使う；（～の）代理をする（for）,1785781765.879708,32
tactics,作戦，方策；戦術，戦法,1785784925.9339767,8
bounce,跳ねる；反射する；を弾ませる；（Ｅメールが）（宛先不明で）返送される,1785776120.7832668,512
penalty,（刑）罰；罰金；ペナルティー,1785781768.634885,32
beg,に（～を）切に頼む（for）；（を）懇願する,1785928484.4138434,2
convince,を納得［確信］させる,1785781772.4380622,32
trade,貿易；商売，取引,1785781775.4242933,32
reef,（岩や砂の）礁；暗礁,1785781779.3314934,32
stable,安定した（⇔ unstable 不安定な）；動じない,1785781782.4501922,32
attend,に出席する；（を）世話する；（～に）対処［対応］する（to）,1785780287.0166192,64
rude,無礼な（⇔ polite 礼儀正しい）；粗野な,1785784929.372687,8
appeal,訴える；抗議する；（上級審に）上訴する,1785780290.7740915,64
remove,を取り除く；を解雇する,1785780297.5914354,64
ignore,を無視する,1785780301.1931853,64
fairy,妖精の（ような）,1785778092.5255268,128
overlook,を見落とす；を大目に見る；を見渡す,1785781786.4692218,32
scare,をおびえさせる；を脅す,1785781789.645927,32
session,集まり；（議会の）会期；（開会中の）議会,1785780305.1979203,64
weapon,兵器，武器（≒ arms）,1785778096.217667,128
evoke,を呼び起こす,1785784933.488299,8
emergency,緊急（事態）,1785781793.375294,32
contemplate,（を）熟考する；を予想する,1785781797.3259456,32
subject,話題；科目；主題；被験者,1785778114.8585126,128
converse,（～と）会話をする（with）,1785784939.282092,8
profile,人物の紹介；横顔；輪郭,1785781800.067484,32
observe,に気づく；を観察する；を遵守する,1785781805.641228,32
stress,ストレス；圧力；強調,1785778117.549565,128
invest,（を）投資する；に（～を）与える（with）,1785781809.2292414,32
cell,細胞；独房；電池,1785780309.4347372,64
faint,かすかな；めまいがする；弱々しい,1785785520.2349029,4
urban,都市の；都会的な（⇔ rural ⇒ 387）,1785776769.5938656,256
molecule,分子；微粒子,1785783159.5684986,16
reputation,評判；名声,1785783163.925965,16
pour,を注ぐ；激しく降る；押し寄せる,1785928486.9956193,2
contrast,（～との）対照（with / to）,1785778121.6027765,128
concrete,具体的な（⇔ abstract ⇒ 586）；有形の,1785784943.2178545,8
educate,を教育する；に教える；（能力など）を養う,1785780314.2324526,64
pursue,を追求する；に従事する,1785778130.6882212,128
microbe,微生物；細菌,1785780318.1522157,64
fragment,断片,1785829426.8430781,8
agent,仲介者，代理人；薬剤,1785928491.8962965,2
capable,能力がある；有能な,1785783174.4605951,16
enable,（人）が...できるようにする；を可能にする,1785783179.1284835,16
therapy,療法；心理療法,1785780321.5868628,64
scope,（活動・能力などの）範囲；余地,1785780325.6762862,64
campaign,運動；軍事行動,1785781818.1830862,32
restrict,を制限する,1785781823.408832,32
encyclopedia,百科事典,1785781829.6657774,32
laboratory,実験室，研究室,1785783183.6787558,16
tuition,【主に米】 授業料（＝ 【英】tuition fees）；（個人）指導,1785781834.0184164,32
political,政治（上）の,1785783190.3844607,16
extinct,絶滅した；廃止された,1785784946.3228397,8
official,公用の；公式の；役所の,1785783193.7854905,16
peer,（～を）じっと見る（at / into）,1785783199.8619606,16
cite,を引き合いに出す；を引用する,1785785529.3342938,4
combine,を（～と）結び付ける（with）；（～と）結び付く（with）,1785783204.0581405,16
dye,を染める；染まる,1785780328.6850169,64
equip,に備えつける,1785784952.1077392,8
lawyer,弁護士,1785778134.1919127,128
provoke,（感情・行動など）を引き起こす；を挑発する,1785780332.7504644,64
warrior,戦士,1785781836.7423327,32
fame,名声,1785928495.0587168,2
urgent,緊急の,1785928502.7903168,2
tame,飼いならされた，人に慣れた；退屈な,1785780336.5581756,64
undertake,を引き受ける；を保証する；に着手する,1785781852.6940138,32
liable,しがちな；（～を）受けやすい（to）；責任がある,1785784959.9523706,8
inquire,（を）尋ねる,1785785940.0572197,2
pretend,（の）ふりをする,1785783208.3976214,16
hinder,を妨げる,1785785944.977165,2
vote,投票；投票結果；〔the ～〕選挙権,1785780339.82122,64
dumb,ばかげた；口のきけない；無言の,1785783211.7730572,16
transmit,を伝える；（電波・信号など）を送る,1785780344.378272,64
synthesis,合成；総合（⇔ analysis ⇒ 363）,1785781864.1511683,32
bloom,花が咲く；栄える,1785781871.1825922,32
ratio,比率,1785783226.416964,16
prolong,を長引かせる,1785854596.6008148,1024
monopoly,独占（権）,1785783231.6322916,16
pose,（危険）を引き起こす；（問題など）を提起する；ポーズをとる；（～を）装う（as）,1785781875.9338431,32
punctual,時間を守る,1785781879.1185427,32
insult,を侮辱する（≒ affront）,1785783239.4565284,16
refer,言及する，関連する；参照する,1785783244.0258114,16
equivalent,等しい，相当する,1785781882.955021,32
engage,を従事させる；を（～として）雇う（as）；（～に）従事する（in / with）,1785784967.043889,8
expand,（を）拡大する；（を）詳説する,1785781886.6713803,32
dizzy,目まいがする；当惑した,1785780349.1643624,64
competent,有能な；適任の；満足できる,1785928507.8325276,2
comprise,から成る；を構成する,1785783254.073853,16
attribute,（結果など）を（～に）帰する（to）,1785928514.5564,1
detail,〔～s〕詳細（な情報），細部,1785776773.0283184,256
column,コラム；（聞などの）欄；円柱；（縦）列,1785781890.065771,32
trivial,ささいな，取るに足りない,1785784974.6255946,8
perceive,に気づく；を知覚する；を理解する,1785829438.987339,8
vast,莫大な；広大な,1785776783.1142187,256
wander,歩き回る；それる；はぐれる,1785785542.8795784,4
regard,を見なす；を見る；を評価する,1785783257.1714942,16
embrace,を受け入れる；（を）抱擁する；を包含する,1785783271.087743,16
acid,酸性の；酸っぱい；辛辣な,1785784978.2911158,8
interpret,を解釈する；（を）通訳する,1785781895.8109293,32
scent,（よい）香り；香水,1785784983.5101469,8
retrieve,（情報）を検索する；を取り戻す；を回復する,1785928524.7943685,1
psychology,心理学；心理（状態）,1785780353.221494,64
accustom,（人）を慣れさせる,1785783275.3653624,16
utilize,を利用する（≒ make use of）,1785928532.7599282,1
valid,妥当な；有効な,1785780357.0697932,64
prefecture,（日本の）県，府；（フランスなどの）県,1785829442.773423,8
simultaneously,（～と）同時に（with）；一斉に,1785780367.5292919,64
efficient,効率的な；有能な,1785783278.4010832,16
vocabulary,語彙,1785781899.166442,32
environment,環境（≒ surroundings）,1785780372.3417418,64
justice,公正，正義；司法,1785781903.716681,32
visible,（目に）見える（⇔ invisible 見えない）；明白な,1785781907.7698443,32
propose,を提案する；をもくろむ；結婚を申し込む,1785781911.4766295,32
diabetes,糖尿病,1785780379.1089785,64
immense,膨大な,1785928538.1715765,2
pill,錠剤，丸薬；〔the ～〕ピル，経口避妊薬,1785783281.5751042,16
discrimination,（～に対する）差別（against）；区別,1785781921.3088236,32
spell,（語）をつづる；という語になる,1785781924.0460181,32
commodity,商品；有用なもの,1785781933.5563955,32
corporation,（大）企業；法人,1785781937.2983203,32
skip,"""飛び跳ねる, スキップする, はね回る""",1785781940.5312896,32
inclined,傾向がある；傾いた,1785928545.0781696,1
colony,植民地；集団居住地；（動植物の）コロニー,1785780382.1792994,64
judge,（を）判断する；に判決を下す,1785778137.7954564,128
incident,出来事，事件；紛争,1785928550.6749673,1
spontaneous,自然発生的な；自発的な,1785781945.0375586,32
furnish,に（～を）備えつける（with）,1785776787.9482646,256
select,を選ぶ，えり抜く,1785783297.2824953,16
courage,勇気,1785928553.701713,2
recognize,を識別できる；を認める,1785781955.194798,32
device,装置，機器；方策；デバイス,1785783302.0195262,16
constitute,を構成する；になる，に等しい,1785783307.8542488,16
distribute,を（～に）分配する（to）；〔受身形で〕分布する,1785928559.3401666,2
minor,重要でない；小さい（⇔ major ⇒ 88）,1785783313.8201437,16
rubbish,【英】 ごみ（≒ 【米】garbage）；つまらないもの,1785781964.234226,32
tense,張り詰めた，緊張した,1785783317.5241017,16
convert,を変える；を改宗［転向］させる；を交換する,1785784995.7604868,8
surge,殺到する；（感情が）こみ上げる；急騰する,1785781970.2181659,32
internal,内部の（⇔ external ⇒ 989）；国内の；内面的な,1785783323.3949847,16
translate,を翻訳する；を（～に）変える（into）,1785781975.2292664,32
conduct,（調査・実験など）を実施する；を導く,1785783331.7399063,16
reign,治世；統治,1785780397.8033419,64
glow,光り［照り］輝く；赤く燃える；紅潮する,1785783336.3568041,16
disappoint,を失望させる；（希望など）をくじく,1785781979.0716078,32
conceal,を隠す（≒ hide）；を秘密にする（⇔uncover ⇒ 1236）,1785780402.42459,64
utility,公共事業；公共料金；実用性,1785928571.8008091,2
irrigation,灌漑,1785781984.4220762,32
enclose,を同封する；を取り囲む,1785778143.2984414,128
ascend,（を）上がる（⇔ descend ⇒ 1337）,1785928576.7553868,2
publish,を出版する；を公表する,1785781988.8711002,32
stock,在庫品；蓄え；株,1785781992.1511493,32
exist,存在する；生存する,1785778147.0040143,128
frustrate,をいら立たせる；（計画・希望など）を挫折させる,1785782002.0599494,32
grace,優美，優雅；分別；（神の）恩寵,1785784999.1946242,8
trend,（～への）傾向（toward）；流行,1785783353.413106,16
potential,潜在的な；可能性を秘めた,1785782006.662303,32
stare,じっと見る；を見つめる,1785782012.2128432,32
disturb,をかき乱す；を妨害する；を動揺させる,1785785983.0866714,2
personality,個性，性格,1785776792.5896971,256
flourish,繁栄する；繁茂する；を振りかざす,1785783362.257199,16
aim,目的，目標；狙い,1785783366.1063685,16
mass,大規模な，大量の；大衆（向け）の,1785782017.044895,32
grip,を握る；をとらえる,1785783369.8751073,16
occupy,（空間・時間）を占める；を占領する,1785928584.5884066,2
experiment,（～を対象とする）実験（on）,1785782045.9593587,32
radical,急進的な；根本的な,1785785551.3191268,4
transform,を変える；変わる,1785783374.0867486,16
persuade,を説得する；に確信させる,1785782050.5163789,32
mount,を据えつける；に着手する；（自転車など）に乗る；増える,1785783388.2207448,16
qualify,（人）に資格を与える；資格がある,1785785997.0776138,2
epidemic,流行（病）；蔓延,1785782059.757012,32
gloomy,陰気な；薄暗い；悲観的な,1785783392.3198717,16
conspicuous,目立つ,1785928590.8277261,1
fallacy,誤った考え，誤信；錯誤,1785785556.2458436,4
debt,借金，負債；恩義,1785783416.360842,16
philosophy,哲学；原理；人生観,1785783420.8562908,16
static,静的な（⇔ dynamic ⇒ 1083）；動きのない,1785782069.165104,32
manage,をなんとか成し遂げる；を管理する,1785783442.671586,16
suppose,と思う；と仮定する,1785783452.2553754,16
conventional,従来の；月並みな,1785780406.9209397,64
trust,を信頼する；を（信頼して）託す,1785783456.57544,16
compound,を悪化させる；を合成する；を混合する,1785829458.7147682,8
jail,刑務所，拘置所（≒ prison）,1785780409.823869,64
financial,財政（上）の；財界の,1785783461.240524,16
material,材料，素材；資料；生地,1785778150.5776563,128
intrigue,に興味を持たせる；陰謀を企てる,1785783466.528007,16
benefit,利益，恩恵；給付金,1785782072.2872593,32
utter,（声）を発する；（考えなど）を述べる,1785928597.357162,2
transition,移り変わり；過渡期,1785782077.9981747,32
bother,を悩ます；（～を）気にかける（about / with）,1785780413.25003,64
anticipate,を予期する；楽しみに待つ,1785783478.7429128,16
scan,を走査［スキャン］する；をざっと見る；を注意深く調べる,1785780416.4152532,64
chop,"""…をたたき切る, ぶつ切りにする, 切り刻む, たたき折る; AをBに細かく切る, Aを切ってBにする; AのためにBを切ってやる""",1785776795.251985,256
deliver,を配達する；（演説・講義）をする；子を産む,1785780420.0554729,64
feature,特徴；〔通例～s〕顔つき；特集記事［番組］,1785783483.9978158,16
bargain,買い得品；取引；契約,1785782084.524466,32
means,〔単数・複数扱い〕手段；〔複数扱い〕資力，収入,1785782089.4268358,32
minister,大臣；（プロテスタント系の）聖職者,1785778157.3477166,128
compatible,矛盾しない；互換性のある；気が合う,1785782097.2549686,32
prompt,即座の，迅速な,1785783488.984826,16
accumulate,を蓄積する，集める；積もる,1785785013.981757,8
accord,一致；合意，協定,1785783492.3725977,16
alert,警戒して；敏速な,1785782101.6614487,32
drought,干ばつ；（慢性的な）不足,1785783495.6165726,16
command,を命じる；を指揮する；（景色）を見渡せる,1785782105.907984,32
abandon,を捨てる；を放棄する，断念する,1785780422.7420788,64
depart,出発する；（～から）それる（from）,1785782111.5571663,32
progress,進歩；前進,1785782115.238052,32
infinite,無限の（⇔ finite 有限の）；無数の,1785778160.7364035,128
melt,溶ける；なごむ；を溶かす,1785780428.320292,64
province,州，省；〔the ～s〕地方；分野,1785782120.5498288,32
decent,まずまずの；きちんとした；上品な,1785829462.9173317,8
census,国勢調査；交通調査,1785783503.7223973,16
previous,以前の，前の,1785854671.9134893,256
slavery,奴隷制度；苦役,1785782124.4276485,32
oral,口頭の,1785782127.531827,32
stereotype,固定観念；決まり文句,1785780431.3951786,64
anxious,心配して；切望して,1785783507.1489027,16
mess,散らかった状態［物］；混乱状態,1785783510.474762,16
discount,割引,1785780435.8917909,64
alarm,不安，恐れ；警報装置,1785783513.426258,16
award,（～の）賞（for）；（証書などの）授与,1785780439.0861995,64
grave,墓；〔通例the ～〕死,1785780442.7898543,64
cancel,"""を取り消す, 中止する; を無効にする; を運休にする""",1785778168.62153,128
component,構成要素；部品,1785782132.3644013,32
intelligent,聡明な；知能を有する,1785783516.7342389,16
affect,に影響を及ぼす（≒ influence ⇒ 49）；を感動させる,1785780446.4593868,64
yield,をもたらす；を（～に）譲る（to）；（～に）屈する（to）,1785928606.0531392,2
expense,〔～s〕経費；費用；犠牲,1785782142.1605892,32
ward,行政区；病棟,1785783532.831034,16
contaminate,を汚染する；を堕落させる,1785928613.7869692,1
interest,興味；利子；利害,1785778172.0564308,128
assess,を評価する；を査定する,1785928617.9331474,2
memory,記憶（力）；（～の）思い出（of）,1785783535.942962,16
soothe,をなだめる；を和らげる,1785785559.6653032,4
expedition,遠征（隊）、探検（隊）,1785783551.6711617,16
urge,に（強く）促す；を強く主張する；を駆り立てる,1785782150.6181781,32
surrender,を放棄する，引き渡す；（～に）屈する（to）,1785783558.3465712,16
partial,部分的な；不公平な（⇔impartial 公平な）,1785783568.3902104,16
withstand,に耐える,1785829466.4996624,8
pinch,"""をつねる, ひねる; を締めつける; をはさむ""",1785782159.8045669,32
neat,きちんとした；見事な,1785783593.4248812,16
impair,を損なう,1785928622.2107882,1
aisle,（座席間などの）通路,1785928629.1355765,1
severe,（人・規律・事態・天気などが）厳しい；猛烈な,1785782166.1557684,32
oppress,を抑圧［迫害］する；を悩ませる,1785782170.4590015,32
promote,を促進する；〔通例受身形で〕昇進する,1785778175.2653012,128
span,期間；範囲,1785783619.8528225,16
editor,編集者；編集長,1785783625.7897027,16
plastic,柔軟な；プラスチックの，ビニールの,1785783628.602966,16
rear,（人・動物・植物）を育てる（≒ raise）,1785928636.317062,1
spiritual,精神の（⇔ material ⇒ 73）；霊的な,1785783635.3439403,16
stiff,硬直した，凝った；堅い,1785783649.810847,16
cruel,残酷な；むごい,1785780449.8161917,64
quest,探究,1785928639.2177892,2
outline,の要点を述べる；の輪郭を描く,1785829472.9171927,8
harsh,厳しい；（光・色・味などが）不快な,1785783655.997729,16
masterpiece,傑作,1785782173.6733532,64
administration,管理（部）；行政；政府（機関）,1785783660.703989,16
affluent,裕福な；豊富な,1785782188.8589675,32
dip,を浸す；（手など）を（～に）突っ込む（into / in）；下がる,1785780453.2466938,64
threat,脅威；（悪い）兆し；脅迫,1785829481.7122693,8
universal,普遍的な；宇宙の；万能の,1785783664.5640552,16
pension,年金,1785783668.5462773,16
approach,に近づく；に取り組む,1785782192.1601045,32
plight,窮状（＝ predicament）；（悪い）状態,1785928644.464858,2
layer,層,1785778180.580752,128
crack,ひびが入る；にひびを入れる,1785928647.4009714,2
negotiate,交渉する；を（交渉して）取り決める,1785783680.9699562,16
threaten,"""Aを脅す, 脅迫する; をすると脅す""",1785928651.7181919,2
military,軍の，軍事（用）の,1785783698.8137782,16
crawl,はう；ゆっくり進む,1785780455.874635,64
income,収入；所得,1785780459.1271505,64
brave,勇敢な（⇔cowardly 臆病な）；見事な,1785782199.269857,32
faith,（～への）信頼（in）；信仰（心）,1785782203.8011403,32
impulse,衝動；刺激,1785782211.192307,32
disabled,障害のある；障害者用の,1785783704.0081623,16
verbal,言葉の；口頭での；動詞の,1785782214.6608884,32
distinct,明らかに異なる；明瞭な,1785829485.4489334,8
split,を分割する；を分担する；分裂する,1785783708.91304,16
circulation,循環；流通；（聞・雑誌の）発行部数,1785783713.867759,16
reunion,再会（の集い）；再結合,1785782219.2951033,32
function,機能；関数,1785782224.0462823,32
disguise,を（～に）変装させる（as）；を偽る,1785786036.6829636,2
reassure,を安心させる,1785782228.9001389,32
hive,ミツバチの巣（箱）；人の集まる所,1785783717.5524635,16
digest,を消化する；を理解する；を要約する,1785780462.0256243,64
eager,（～を）熱望して（for）；熱心な,1785786041.000686,2
exhibit,を示す，見せる；を展示する,1785783726.2625823,16
confidence,自信；信頼；秘密,1785782233.4694731,32
spectator,（試合などの）観客,1785782240.9771435,32
fare,（乗り物の）料金,1785780467.8400185,64
suffer,苦しむ；患う；（苦痛など）を経験する,1785783729.1572058,16
glance,（～を）ちらっと見ること（at）,1785778185.8541684,128
pregnant,妊娠した；（～で）満ちている（with）,1785783741.3412943,16
mold,鋳型；鋳物；性格；かび,1785785027.044677,8
perform,（を）行う；（を）演じる，（を）演奏する,1785782246.8350918,32
share,を共有する；を分担する,1785782250.4400966,32
shade,（日）陰；色合い；日よけ；微妙な相違,1785783745.2107873,16
notorious,悪名高い（≒ infamous）,1785783752.784405,16
spray,を吹きかける，に吹きつける,1785783785.1843407,16
sympathy,同情；（～に対する）共感（with/for）,1785783792.2031066,16
margin,余白；差；利ざや,1785783795.0172632,16
bump,ぶつかる；をぶつける,1785783798.714565,16
positive,肯定的な；積極的な；確信して；（検査結果が）陽性の,1785785031.9814737,8
claim,と主張する；を（自分のものとして）要求する,1785782255.9022446,32
quit,をやめる；（場所）を去る,1785778189.8873174,128
nerve,神経；〔～s〕神経過敏；（...する）度胸（to do）,1785778205.2192016,128
esteem,を尊敬する；を見なす,1785783804.7683127,16
species,（生物の）種；種類,1785783807.9495606,16
scenery,〔集合的に〕景色；背景,1785786049.0424337,2
commute,通勤［通学］する,1785783810.7733989,16
praise,を（～のことで）賞賛する（for）；賛美する,1785783814.366688,16
skeleton,骨格；骨組み；概略,1785782259.3804808,32
thrill,をぞくぞくさせる；わくわくする,1785782265.0342937,32
whisper,（を）ささやく,1785780470.3570733,64
annual,年1回の，例年の；1年間の,1785782270.6637406,32
asset,〔通例～s〕資産；価値のあるもの；利点,1785928660.488095,1
sore,痛い；腹が立って,1785785053.064596,8
fabric,織物、布（地）；構造,1785783819.5430536,16
sentiment,感情；感想；感傷,1785783825.6364064,16
gene,遺伝子,1785783831.1739655,16
leap,跳ぶ；さっと動く；急上昇する,1785785056.5342102,8
conference,会議；協議,1785783836.5665698,16
metropolitan,大都市の，首都圏の,1785928667.6972585,1
unify,を統合［統一］する；統一される,1785785062.390369,8
stake,利害関係；〔通例～s〕賭け金；杭,1785829488.8386972,8
arithmetic,計算；算数,1785782282.6876721,32
county,【米】 郡；【英】州,1785786071.0384626,2
ritual,儀式；（日常の）習慣的行為,1785783845.3887696,16
seek,を追い求める；（助けなど）を要請する,1785780474.1288824,64
familiar,精通している；よく知られている,1785783853.02811,16
nevertheless,それにもかかわらず（≒ nonetheless ⇒ 1000）,1785782286.9518363,32
transfer,を移す；を伝える；移る；乗り換える,1785783857.4768896,16
medicine,薬；医学,1785783865.8817856,16
horror,恐怖；強い嫌悪；嫌な物［人］,1785783869.483256,16
practice,実践，実行；（社会の）慣習；練習,1785783876.1783824,16
outlook,見解；見通し；眺め,1785783900.1111639,16
interrupt,を中断させる；（の）邪魔をする,1785786077.3671708,2
weary,疲れ果てた；（～に）うんざりした（of）,1785782297.7905824,32
immigration,（他国からの）移民，移住；入国管理,1785783905.831616,16
notable,注目に値する；著名な,1785783910.4999561,16
alter,を変える；変わる（≒ change）,1785783913.5095463,16
appropriate,（～に）適切な（for / to）,1785783920.024603,16
occur,起こる；心に浮かぶ；現れる,1785782302.2448027,32
informal,形式ばらない，略式の（⇔ formal 正式の）；（言葉が）くだけた,1785782313.9361572,32
nourish,に栄養を与える；をはぐくむ,1785785069.236576,8
stray,はぐれる，（道に）迷う,1785783926.0576856,16
suspend,を停職［停学，出場停止］にする；を一時的に中断する,1785829496.5090413,8
coincide,同時に起こる；一致する,1785829510.304977,8
chemical,化学の，化学的な,1785783929.2067623,16
willing,いとわない，かまわないと思う,1785783932.9269729,16
curve,（道路などの）カーブ；曲線,1785783940.39991,16
recent,最近の,1785783949.1944125,16
apply,を適用［応用］する；申し込む；（～に）適用される（to / in）,1785782316.8581493,32
maintain,を維持する；と主張する；を養う,1785783952.6030633,16
prominent,卓越した；目立つ,1785782320.8580258,32
swell,膨張する，腫れる；を膨らませる,1785783957.1804101,16
substance,物質；実体；趣旨,1785782325.7858117,32
sigh,ため息をつく,1785780483.1514173,64
decline,減少する；衰退する；を断る,1785785073.9045477,8
sorrow,悲しみ,1785783964.5346591,16
entire,全体の，全部の（≒ whole）；完全な,1785783969.051956,16
permit,を許可する（≒ allow）（⇔ forbid ⇒ 1013）,1785783977.531797,16
export,（を）輸出する（⇔ import を輸入する）,1785783982.7735484,16
permanent,永続的な（⇔ temporary ⇒ 793）,1785928671.7858949,2
glacier,氷河,1785783986.8946557,16
psychiatrist,精神科医,1785783995.873059,16
restore,を回復させる；を修復する,1785784000.259886,16
client,顧客（≒ customer）；（弁護士などの）依頼人,1785782328.4082277,32
mercy,慈悲；〔通例a ～〕幸運,1785784006.0105278,16
abrupt,突然の（≒ sudden）,1785786083.987301,2
proverb,ことわざ（≒ saying）,1785782331.0595708,32
undergraduate,学部学生,1785780489.1547005,64
persist,続く；固執する,1785829526.9925635,8
treat,を扱う；を治療する,1785784009.449701,16
represent,を表す；を代表する；に相当する,1785784014.73324,16
fee,料金；謝礼,1785784017.9979286,16
bankrupt,破産宣告を受けた；破綻している,1785780492.5824485,64
spill,をこぼす；こぼれる,1785928679.1891508,2
suck,（を）吸う；（を）しゃぶる,1785782336.3345141,32
implicit,暗黙の（⇔ explicit ⇒ 1598）；内在する,1785782341.728944,32
precise,正確な（≒ exact）；精密な；まさにその,1785784029.2402258,16
view,（～についての）見解（on / about）；（～に対する）（特定の）見方（of）；眺め,1785928685.1083438,2
notice,に気づく,1785784048.2288501,16
wisdom,知恵；賢明さ；学識,1785829530.2722497,8
rhetoric,修辞（法）；美辞麗句,1785784057.2523377,16
decade,10年間,1785782345.098988,32
trigger,を引き起こす；のきっかけとなる,1785780497.3130538,64
subordinate,（～より）下位の（to）；副次的な,1785785079.4971771,8
mode,方式；気分；形態；流行,1785782349.2332742,32
trap,わな；苦境,1785782351.638556,32
sue,を告訴する；（～を求めて）訴訟を起こす（for）,1785784062.894434,16
proportion,割合；部分；釣り合い,1785784077.3855186,16
tissue,（生物の）組織；ティッシュペーパー,1785782355.4220362,32
district,地区；行政区,1785784080.7737243,16
feast,祝宴；大ごちそう；楽しみ,1785785085.8735113,8
cause,原因（⇔ effect ⇒ 48）；理由；大義,1785782359.4763305,32
collision,衝突；対立,1785785090.8464024,8
genuine,"""本物の（≒ authentic ⇒ 1580, real）；偽りのない""",1785928693.3420668,1
clarify,を明確にする,1785928698.8297126,1
abundant,豊富な；（～に）富む（in）,1785785094.7029715,8
tear,を引き裂く；裂ける,1785786098.6267903,2
obsession,（考えなどに）取りつかれること；妄想；強迫観念,1785785110.3730052,8
confess,（を）告白する,1785785122.9567845,8
acknowledge,（事実など）を認める（≒ admit ⇒ 406）；に謝意を表す,1785784087.481336,16
paradox,逆説；矛盾,1785784090.6152694,16
inevitable,避けられない,1785784106.8864517,16
exaggerate,（を）誇張する；を強調する,1785784116.9059181,16
attach,を（取り）付ける；を付与する,1785784120.4998436,16
fold,を折り畳む；（両腕）を組む；（折り）畳める,1785784128.8983197,16
herd,（牛などの）群れ；群衆,1785784139.3274379,16
protocol,（条約）議定書；外交儀礼；プロトコル,1785784143.021658,16
reverse,を逆転させる；を反対にする,1785784146.8318615,16
torture,を拷問にかける；を苦しめる,1785784152.9772832,16
mechanical,機械の；機械的な,1785784156.295626,16
cram,に詰め込む；詰め込み勉強をする,1785928702.569679,1
rhyme,押韻詩；韻；〔通例～s〕詩歌,1785784168.7349606,16
offspring,子孫，子；成果,1785780500.484314,64
prospect,見込み；〔～s〕（未来への）展望；有望な人,1785786116.2018266,2
indispensable,不可欠な（⇔ dispensable なくてもすむ）,1785784178.9144223,16
induce,を引き起こす；を説得する,1785784197.413719,16
prove,を証明する；判明する，わかる,1785784205.581508,16
strategy,戦略,1785784208.81754,16
divorce,離婚；分離,1785786121.3763459,2
thrive,繁栄する，うまくいく；繁茂する,1785829533.0589414,8
drown,溺死する；を水浸しにする,1785782362.5483782,32
desire,を強く望む,1785785144.9073746,8
edit,"""を校閲する, 削除する; を編集する, …に修正を加える""",1785786127.3225918,2
depict,を描く,1785928707.0414424,2
compose,を構成する；を創作する；を鎮静する,1785784222.7091982,16
review,（書物などの）論評；再調査；【米】復習,1785784228.8998473,16
emit,（光・熱など）を出す，排出する；（信号）を送る,1785785148.950119,8
sophisticated,高性能の，精巧な；洗練された,1785928712.6966302,2
habitat,生息地；（人の）居住地,1785784241.3468113,16
grain,穀物；粒；きめ,1785784244.8215196,16
code,規範；暗号；法典,1785784248.0778732,16
legitimate,合法的な；妥当な,1785928717.872946,2
remote,（～から）遠く離れた（from）；かけ離れた,1785784258.9139514,16
impress,を感動させる；に印象を与える,1785784264.3757463,16
twist,をねじる，ひねる；を歪曲する,1785784268.5560586,16
exception,（～の）例外（to）,1785786167.2569544,2
acute,（痛み・感情などが）激しい；（知覚などが）鋭い；急性の（⇔ chronic ⇒ 1198）,1785786172.722791,2
triumph,勝利；勝利の喜び；偉業,1785785571.7829194,4
settle,を解決する；（に）移り住む；を落ち着かせる,1785785152.3938856,8
mood,気分；機嫌；雰囲気,1785785155.4309387,8
destiny,運命,1785785182.2957265,8
moisture,水分；湿気,1785785212.0480566,8
skeptical,（～に）懐疑的な（of ⇒ about）,1785785222.330452,8
accommodate,を収容する；を（～に）適応させる（to）,1785928723.0057716,2
cling,しがみつく；くっつく,1785928727.471013,2
stick,を動けなくする；を突き刺す；（～に）くっつく（to / on）,1785784272.6890063,16
tide,潮（の干満）；動向,1785785577.0580645,4
impose,を課す；を押しつける,1785785261.3219836,8
intend,を意図する,1785928730.7687988,2
worthwhile,価値がある；立派な,1785784275.8362215,16
acquaintance,知人；面識；知識,1785785265.2809827,8
distress,苦悩；苦痛；困窮,1785784280.0445018,16
loyal,（～に）忠実な（to）；誠実な,1785782367.679091,32
celebrate,を祝う；を挙行する,1785785269.0700278,8
trait,特性（≒ feature）,1785782372.3764358,32
masculine,男らしい（⇔ feminine ⇒ 1588）,1785785275.0025108,8
neglect,をおろそかにする，怠る；を無視する,1785785283.089056,8
premise,前提；〔～s〕（建物を含めた）構内、敷地,1785928735.3039749,1
innate,生まれながらの；固有の,1785785296.7655725,8
adopt,を採用する；（態度など）をとる；を養子にする,1785785299.9657378,8
designate,を指定する；を任命する,1785786184.9953022,2
adequate,十分な；適切な（⇔ inadequate 不適切な）,1785784305.7139356,16
diligent,勤勉な；入念な,1785782380.034846,32
priest,聖職者,1785785305.246833,8
grocery,〔～ies〕食料雑貨；食料雑貨店,1785784433.7823424,16
remark,と述べる；（～について）意見を述べる（on / upon）,1785785311.9738758,8
occasion,場合，時；行事；機会,1785785324.629791,8
organize,を準備する；を組織する,1785782391.7506464,32
superficial,表面的な,1785785340.2741077,8
steer,（を）操縦する；を（～へ）向ける（to）,1785785581.0648894,4
presume,と思う；と推定する；を前提とする,1785928741.8698304,1
verse,韻文（⇔ prose 散文）；詩,1785786190.2289097,2
track,跡；軌道；【米】（鉄道の）番線；走路,1785785343.3358126,8
defend,を防御する；を弁護する,1785784437.63558,16
charge,料金；世話；管理；告発,1785785346.668761,8
proceed,進む，進行する；（～を）続行する（with）,1785785354.0149922,8
harvest,収穫（物）；収穫期；漁獲高,1785785357.8858654,8
approve,賛成する；を承認する,1785785365.1955059,8
chaos,混沌，大混乱,1785928745.924313,2
greed,強欲,1785829546.785828,8
inferior,より劣った（⇔superior よりすぐれた）,1785785376.081445,8
likely,ありそうな（⇔ unlikely ありそうもない）,1785785379.4552274,8
conscious,意識して，気づいて（≒ aware）,1785785382.7057385,8
sheer,純然たる，真の；すごい；（布が）薄地の,1785785388.462765,8
landmark,（ある場所の）目印；画期的な出来事,1785785392.131495,8
satisfy,を満足させる；（条件など）を満たす,1785785395.7279985,8
generate,を生み出す；（電気など）を発生させる,1785785399.8703008,8
relevant,関係がある；適切な,1785785407.2344024,8
consider,を見なす；について考える,1785784441.2865822,16
hygiene,衛生（状態）；健康法,1785928767.3188593,1
estate,（動産・不動産などの）財産；私有地,1785786195.4773371,2
flexible,融通の利く，柔軟な,1785785414.8377113,8
brief,簡潔な；短い,1785785419.4263382,8
calculate,を計算する；を予測する,1785928771.3310597,2
shallow,浅い（⇔deep 深い）；浅薄な,1785785590.718351,4
minimum,最小限度（⇔ maximum ⇒ 965）,1785785426.0768483,8
aware,気づいて，知って,1785829550.928258,8
extreme,極端な；極度の，過激な,1785829554.6303096,8
organ,器官，臓器；組織；（パイプ）オルガン,1785829559.1835418,8
stall,露店；エンスト；失速,1785829562.8198218,8
puzzle,を当惑させる,1785829567.5694664,8
upset,を動揺させる；をだめにする,1785829572.2334063,8
millennium,千年間，千年紀,1785785594.0982904,4
council,（地方）議会；評議会；（公の）会議,1785928779.559439,2
mixture,混合（物）,1785785602.5549245,4
owe,に借りがある；のおかげである,1785785605.7252316,4
manipulate,を（巧みに）操る；を改ざんする,1785928784.7329087,2
erosion,浸食；衰退,1785785431.89163,8
effect,影響，効果；結果,1785785623.613375,4
league,（競技）連盟；同盟,1785928788.6423225,2
console,を慰める,1785785636.7788382,4
store,を保存する；を蓄える,1785785435.5420384,8
refuge,避難（所）；保護,1785928793.4999576,1
hide,を隠す（≒ conceal ⇒ 1116）；隠れる,1785785649.1846747,4
pity,残念なこと；哀れみ,1785785655.402408,4
operate,を操作する；機能する；手術する,1785785659.241149,4
venture,危険を冒して進む；を思い切ってする,1785785663.173741,4
eliminate,を取り除く,1785785673.0541546,4
straightforward,単純な；率直な,1785785677.8595543,4
realize,に気づく；を実現する,1785785682.4574926,4
dialect,方言,1785785686.0762727,4
magnificent,壮大な；見事な,1785785692.2312982,4
admire,に（～のことで）敬服［感心］する（for）,1785785700.6810486,4
float,漂う，浮かぶ；を浮かべる,1785785704.5551848,4
anonymous,匿名の,1785785708.78813,4
supreme,最高の,1785786211.563252,2
express,を表す，述べる,1785786218.7513375,2
prestige,名声；〔形容詞的に〕名声のある,1785928798.8370478,2
content,内容，中身；コンテンツ,1785785711.6771364,4
freeze,凍る；を凍らせる；（計画・資金など）を凍結する,1785785714.6183848,4
barrier,（～に対する）障壁（against / to）；防壁,1785785437.9794216,8
combat,戦闘；対立,1785928802.6176727,2
allege,を主張する,1785785441.8270578,8
thirst,（のどの）渇き；（～に対する）渇望（for）,1785785717.3031092,4
plug,〔plug inで〕のプラグを電源に差し込む；を（～で）ふさぐ（with）,1785785720.6416862,4
timid,臆病な；内気な,1785928806.141678,2
weird,異様な（≒ bizarre），奇妙な,1785928809.49406,2
circumstance,〔通例～s〕状況，事情；境遇,1785786248.427221,2
dim,薄暗い；ぼんやりした,1785786261.7218404,2
thrust,を押しつける；を突き刺す；押し進む,1785928813.888994,2
stubborn,頑固な，強情な（≒ obstinate）；手に負えない,1785785740.3786101,4
globe,地球（≒ earth）；世界；球,1785785743.8822122,4
boost,を押し上げる；を増加させる,1785785749.6342914,4
aspect,（物事の）側面；観点；様相,1785785769.0269282,4
chat,"""雑談する, おしゃべりする""",1785785772.8260202,4
blame,を責める；の責任を負わせる,1785785777.5050862,4
conscience,良心；分別,1785786269.1922557,2
correct,正しい；適切な,1785786273.0231311,2
flush,を紅潮させる；を水で流す；紅潮する,1785786280.2746015,2
federal,連邦（政府）の,1785786287.6770725,2
ridiculous,ばかげた；法外な,1785928821.78594,2
comfort,快適さ；慰め,1785854652.3529642,1
